nitrogen,phosphorus,potassium,temperature,humidity,ph,rainfall,crop,disease_risk
54.15200317631901,34.105433041315884,21.392604323811973,26.067059488535584,53.23101953343155,6.630242985833465,23.83315891951532,millet,Medium
39.23586581404896,57.285896547830866,54.43900655316757,29.52867712027559,49.72502419592641,5.97279024964353,90.50068349510074,groundnut,Low
125.40726553839727,49.7003145959885,48.564093170322195,25.830494683511823,57.93284997611044,7.598596252637849,60.10705841198471,cotton,Low
117.72836639439942,55.770897112986745,37.56970927522204,15.9896543986373,74.37374331772928,6.995024118834687,60.595666586130484,wheat,Low
126.92939149716568,50.362061316126514,50.236025098349366,26.43575011372453,74.21481893589954,6.707832730912472,149.74493902142618,sugarcane,Low
48.70103682394287,68.25115680712801,51.68511040933801,23.706460838951283,61.2521787941447,6.457999398838352,123.39340349914332,soybean,Medium
59.70785302047982,31.846212848487014,48.28670056195168,27.18264212137186,63.808226681885124,6.410597175881396,86.39517107794887,soybean,Low
86.68119564621342,41.67824040133295,48.68888037370921,22.8655724179369,70.20186046374398,5.758716653711327,302.24828519761286,rice,High
96.12611276421089,43.225309469783696,52.245285201501105,26.224371800970722,65.19417806987497,6.746966462911027,77.16029715947374,cotton,Low
116.24617687550439,59.27887983998911,43.10594988191688,28.169292401839066,57.23832263353118,6.167459080364861,69.8968328950149,maize,Low
119.55362118504478,34.29849665866476,43.60407536688855,27.345983106636627,54.749908686766034,7.180729216217338,84.24936349373174,cotton,Medium
138.30441114037347,60.04371780982245,67.10161429374018,26.049030517621116,74.01700138304585,6.36978999370292,171.56278721369767,sugarcane,High
22.349527213436403,67.54902490816801,47.52723302795503,27.56478548105752,69.21770930454935,6.540784429683223,53.16983425311833,groundnut,Low
75.1635455312015,25.439356192796318,19.724542516076635,21.46933357687876,44.6907858493814,7.062037525372152,60.34367700771056,millet,Low
67.16890104239303,51.788129460963795,13.164851131042667,25.353370363846828,24.65525448420177,5.972263262191342,44.185787610228665,millet,Medium
121.05512966362119,61.34361778401471,66.55907670826366,28.23681443148827,73.6352764516613,6.5638178363575355,202.33644142548746,sugarcane,High
75.82471056796513,39.2548644688995,28.96117799622096,24.55491172521947,71.62205081661355,5.991672478908524,151.21989428677668,maize,High
107.92497076975434,35.47091918643604,87.89325539653157,27.071470342218312,56.53603389574941,7.02807514196875,86.93789647204726,cotton,Medium
103.26525590339449,41.19821519986065,41.39008852761241,19.95022308641618,64.35840876147073,5.940480075902465,59.58238247255952,maize,Low
113.78811096543846,40.65176694176017,48.269056759843316,22.76256296433619,62.0904200133635,7.109036092227792,51.18985237399754,maize,Low
43.79794398180286,32.316265592615316,17.630098479366616,27.11052558726077,56.69594264694656,6.494532461713069,55.0652543889305,millet,Low
110.43103711825448,36.30789788296714,38.661894074284675,18.436563593304722,60.087019479933474,7.435450771217438,93.52456749030151,wheat,Low
81.38118887705839,29.050533331385896,43.397168985386486,30.87568541261931,54.315806776400045,6.617458668814507,40.70684822209887,millet,Low
139.58435221319118,46.498142781650905,54.77936879716968,26.61368955030084,66.1296905005615,6.521386178164838,180.91648022150295,sugarcane,Medium
150.0,60.0093644129296,74.02467353077483,25.322838681036995,70.1400749296094,6.725964033924847,166.44163892448498,sugarcane,Medium
23.15648265884751,80.01357519605418,52.147319519834646,28.1535386869888,70.80795124582014,6.335805511868576,112.0906137242743,groundnut,Medium
73.1213201506441,51.128706726380244,53.388533014394184,30.726328820133208,70.55060330284815,6.480198141573973,128.86441484998284,soybean,Low
132.74371845430383,32.75521310537052,65.54584915271613,29.37761248238631,74.00972449198133,6.144223520243943,150.04900970169726,sugarcane,Medium
34.85923367567119,38.55194438552408,31.822170595698847,27.529427281313936,52.26472238609711,6.312987174818697,84.16879978272176,millet,Low
68.29061490638766,68.03281191566705,54.31474205668927,29.294741416652315,90.33767094327969,6.615281656318874,102.73504439999317,maize,Medium
55.768970787339974,54.16936468031693,30.61630510563216,24.30769470956216,46.7985338935318,6.293765083853833,39.17137460270915,millet,Low
106.19917046903235,53.90693380144484,72.30990513177164,26.723886940881147,68.98783847331676,6.215446308072813,96.27142668512691,maize,Low
89.72230296011415,41.53609633295834,48.872622724057074,28.572978869606057,81.04036882021944,5.798988254144876,219.23935168389244,rice,Medium
58.37123757329415,62.177107273329455,45.11561807664729,25.526626731505445,72.00404039875528,6.078717441582935,107.25830983849215,soybean,Medium
141.71763004431398,52.41534053367908,61.69337396046711,28.23485726185465,73.95951456264076,6.9195451979207965,211.0731377452597,sugarcane,Medium
102.45503724816368,34.726994089093594,45.85879484663271,26.545598765175484,83.48932351780202,5.8600622522140835,201.62556401839024,rice,High
103.70376939349875,35.36185259183586,62.91226282751426,23.366052239730315,77.03871787576084,6.346946202726471,210.94084432393893,rice,High
69.81962989236756,50.239645840417516,49.82035498362855,23.216758904266083,55.83945666813968,6.645433709538476,55.22296717662183,soybean,Low
105.28786727912629,24.155233114502465,50.36378060411822,25.013866662435078,63.26207324149748,6.300302202981838,129.2714013300775,maize,Low
114.37578729763064,50.61993172221296,42.748896258468434,18.69836022882049,58.94588818387259,7.277836888205492,35.251957375536165,wheat,Low
35.36134138550906,57.10422115506326,45.050278174679136,30.02399020864904,60.73936917871389,5.821112888296817,93.38206271380795,groundnut,Low
43.44464583351695,44.1806844956407,60.986972811572976,32.15452839225674,70.45293655436038,6.2773247137918,118.82924246137112,groundnut,Low
97.19655762757023,30.434321075418318,54.47193419856179,18.97217108466468,55.81846888147466,5.60354561163971,92.13023624084752,wheat,Low
47.86345269928045,86.04542614733467,60.57360963668272,24.880823997008253,51.318867654701336,6.566931720664177,86.17290667475861,groundnut,Medium
75.21410930496684,51.04855818621413,38.63690857953071,24.45839924798992,75.64471886866629,6.582056928200496,217.49283610907312,rice,Medium
120.32656212033493,46.24675541382821,53.715548605325694,31.270642247951915,75.98073047274534,6.395975032697527,169.21244251437096,sugarcane,Medium
20.674728711939377,47.15390238437496,43.779005962869434,30.001806919663846,54.290300289075184,6.309607381862375,98.21407787968789,groundnut,Medium
57.59341417947218,60.20482590239671,64.56020992109944,24.042206272005537,78.54012984957484,6.67044145531886,104.58512289495476,groundnut,High
46.135437472779955,52.16288873955184,59.85441379702188,25.630853691685687,69.30427871323569,6.170230684534661,161.8936216236873,soybean,Medium
125.43584316716297,72.76746433727735,41.88032473895829,21.266308962650015,61.98959420060003,6.331338261072975,90.47047624351497,wheat,Medium
114.94855765869171,44.402055449261624,47.68575754240989,16.18805812209231,63.163610757117226,6.643011557575651,49.01289593686415,wheat,Low
112.86686350754589,26.203510325231132,47.6766858675739,30.887507775859895,64.32475916115303,6.811627310024155,78.52917864671194,cotton,Low
44.30062852177996,33.283134879140135,31.326589434625568,29.23423314168797,47.16737074165953,6.395704097215361,62.15206872445901,millet,Low
87.62657091471605,33.04729089319333,38.79783740191406,27.70021822905801,67.93848803422904,6.822428881548651,88.36372654412591,maize,Medium
99.19142726491391,38.21235703547222,53.462294274765654,24.25814114861134,56.881924054513185,6.966578415240581,80.96343083265036,wheat,Medium
127.5082659995656,59.06136611488134,41.78015385027503,27.5360508803175,40.49365222386273,6.940652021413371,79.51704239320411,cotton,Low
76.64057354188928,41.329814508835,46.31155616363322,23.169550763259565,64.57910501314899,5.838385799895719,130.95298346188926,soybean,Medium
89.55302529774383,60.25282401344864,49.0945901099044,19.964956548207994,61.1116026226754,6.708014602760835,141.31542809513684,maize,Medium
137.16383229329506,43.99286029387255,55.59462995913227,24.437018054262353,73.50712997385854,7.280743962462294,203.21456834425672,sugarcane,Medium
120.23508173089489,51.35892404288064,57.24861973905948,28.16169204109962,44.389902704406744,7.1528865256127405,93.93521392127964,cotton,Low
116.93381906052093,46.514553005266535,57.870501594873105,23.251891124482555,58.69565879772318,6.312958485473431,87.59728688090676,maize,Medium
96.55107827600264,49.85153705954037,59.82938630186585,28.6606621702919,79.47542923791369,6.279579258718598,115.83144573491464,rice,Medium
112.65808949273452,41.694821255140056,64.40832418976984,26.914287504679322,78.44564214114087,6.797018369214908,148.0942318194849,sugarcane,High
96.4283434553192,50.55203296703929,29.144627500074808,15.356794990016123,59.30223389080759,7.374534162282391,119.66836550443327,wheat,Low
130.98677034212125,47.79004433084902,69.35635418615394,28.355274203849778,77.95395561789297,6.774460339429355,209.8175174776795,sugarcane,High
38.291323428190395,44.62398252946706,25.285873310793512,24.74902958095703,49.65098447471139,6.7760078889188895,28.533061007885205,millet,Low
43.012364345117106,48.503047444303675,63.05231213666619,25.908220807307732,61.79679581366607,6.589278633290091,124.58560196389938,groundnut,Medium
88.1186241120396,42.82162359239426,26.18374470264908,25.90790731625149,64.10520264774095,7.211038424716909,66.77709052238362,cotton,Low
99.83851164794642,47.3368343366253,44.77549492264923,25.415275158941956,88.80262058120239,5.023844546134288,243.74226889123446,rice,High
108.01820883245918,40.10309552374138,20.542505577865754,26.869324570689237,94.45240479187264,6.069590587132864,254.8449881372677,rice,High
120.30161105755033,32.298143152667905,43.16778291702635,25.515458308379475,60.48525114010969,6.837489465317983,64.02016165624605,cotton,Low
150.0,75.54765624925119,53.72974884708436,28.285434305262967,82.3238353881436,6.766779027427693,182.70773055994337,sugarcane,Medium
78.18324372137641,37.549828820986605,42.98227417698253,27.914153304322273,85.00506684966675,5.982930480106392,147.95769063389042,rice,Medium
92.08720022882234,27.848266702682928,26.774840483434325,29.753572155512305,52.85488688606589,7.323980067904951,84.16594738279596,cotton,Low
90.89949557852054,52.53540430735367,54.40094747712234,17.871529856065276,65.46418187846716,5.901244266406158,111.21077205513211,wheat,Low
91.32610329437772,62.73036097266314,31.29973063039794,25.489446132425215,79.28063170403635,6.582122083428205,247.85549789826862,rice,High
103.14205125471659,38.18559139421638,39.92854348944725,14.469113661690095,79.56435126353452,7.132646714472161,75.84013521963192,wheat,Medium
51.416534165259165,26.655853165925315,11.464545976711037,28.04545784741995,42.87186643551723,6.45744499034797,31.986602902269045,millet,Medium
114.39243265380026,17.434773471243023,31.167324855503796,29.239442427857867,53.13433201434885,6.847679762509218,68.71952932640309,cotton,Low
96.54376085784855,22.231471207998737,65.08130262747582,27.542969715917017,71.22619650429738,5.981574344911746,70.99894327892021,maize,Low
117.10810414827975,63.152478046889456,56.343985994932126,29.4747395871272,76.45365263048222,6.468923631605881,224.9174102050872,sugarcane,High
80.946985506836,30.074084088390066,59.5670275824804,24.041462650242895,69.11888943948128,6.664845720292241,99.20071479257297,soybean,Low
68.87867859366882,54.7701629151839,27.24797726098533,24.264804738870218,56.183264355259524,6.332870592476247,114.31212313462571,soybean,Low
146.8980797754407,49.37796687352758,39.62857685671357,26.403568329480695,51.89145423607037,7.051218504171153,51.903039871860145,cotton,Low
115.13270196867282,26.790947054485073,45.27696790740505,22.692630811129092,61.26840388696793,6.282157387126799,85.66480447888627,maize,Medium
65.01666639708125,50.408355036160174,52.365250269478906,23.01153209934604,81.39887738331252,5.419502610619633,91.75593085741936,maize,High
82.16151302384307,62.64782925419451,46.86407533960568,15.024910009679068,59.93695780092166,6.918897709352049,94.73320768230936,wheat,Low
79.22333668121345,42.438634179457836,48.73089078717606,24.58688508314503,83.39229962414582,5.637014490249378,162.07662634010703,rice,High
59.48783519940083,54.24524757069668,33.248397236608376,25.899675930345282,64.89896133869402,6.240255401740144,41.95107648278587,maize,Low
107.29277187342909,26.607538936130922,15.395710512589595,17.656077493480822,67.1141461731651,6.294397532821054,86.24707621865484,wheat,Medium
45.957743308876815,45.28426648355626,53.83865561425294,28.57516090720509,70.64715356883642,6.568768339562978,137.9712572494156,soybean,Medium
107.63770844682506,59.05950519370357,21.697696087447127,25.31835807137397,78.14368389682471,5.731108140197517,99.2680429829153,maize,High
114.06639523985073,53.36952341963445,63.51788670387562,26.526295901755642,77.19481386428728,6.817117703406973,147.7874484292576,sugarcane,High
116.15574915180338,54.576001361594834,48.26159893824687,29.33751662568774,41.22194452833985,7.064543052460576,61.98862323312353,cotton,Low
74.03291782363554,64.43091806270273,47.158972434557,20.831907600099996,65.94443899902575,7.12729041660233,109.23497117541655,maize,Medium
24.9775977361726,28.511073286763526,49.63326132715583,29.80935178819981,45.09275087460297,6.712323689105272,39.481133206011435,millet,Medium
49.0142588160738,44.110043431168094,49.57233726881997,24.40463068136789,50.367244688630265,6.890042857315524,59.62375729838647,soybean,Low
34.551261899361094,60.73454723315262,59.570123682537485,24.63664180563206,59.09905309941249,6.867521858680943,83.69743305586304,soybean,Low
63.46956395353028,31.248557772469027,54.41698989783109,33.53219495461764,47.118593939718224,7.208573837189657,36.03276906001806,millet,Low
104.88360601787588,52.26355786072004,58.79815180907069,24.211405738815465,45.16378999026091,6.700051586197987,82.68073221047882,cotton,Medium
55.18271719304765,67.78497733886022,40.80939118015255,27.17954475620435,67.85652299568308,6.145504626654615,72.96063747554405,soybean,Low
55.13891724297327,36.50760317079445,66.86066702723473,26.946405448454726,74.63167172008187,6.922319295386629,157.57323704139014,soybean,High
88.75889301756108,72.56680943409188,56.663530280163386,25.79532128353673,61.31581263070949,6.269589931809333,99.85439849052594,soybean,Medium
38.80921081207853,9.327330221215735,36.40875547580342,20.198688058311568,55.68362449361394,7.058363823858672,67.07358751782097,millet,Low
103.31307029259774,33.95533195804656,56.311247363055806,33.02281229821339,47.79263105156678,6.1960164471403,54.68286091578768,cotton,Low
33.213636027864375,50.78991555991428,29.27239802053607,31.099228226595926,64.50723488358442,6.754737063795434,71.75008321049809,groundnut,Low
74.37197422952664,35.877735057528156,6.16167429626973,28.735535393388826,59.22115855055544,6.987040641053268,77.5241198334332,millet,Medium
86.49560943248972,44.88508460078598,73.43671634647876,28.06036338874258,62.1336046485566,7.034599915528361,63.190160391837445,cotton,Low
103.3529761668718,57.42299201668503,22.845745653142874,26.098390986234758,77.44902799179958,5.830306742292678,210.78397143176932,rice,High
142.38121896734629,34.285432456505326,58.074599480812395,26.067545216565776,71.75128228935108,6.664538982062171,215.1178062455201,sugarcane,Medium
139.71408973850606,60.922447530445204,72.4647247133062,26.37874152032624,76.96564380114461,6.606943131400848,124.516389624455,sugarcane,Medium
27.249876178594214,56.654460242741365,55.809640303086674,25.417759603000714,70.22788165961337,6.161291009452954,55.403524525103855,groundnut,Medium
114.96448115380366,46.55846917114077,49.11417864983329,15.491813543699926,76.39596656997558,6.4448921953845835,87.70734939637185,wheat,Medium
63.61448398107798,33.83787675136879,48.46616748563213,27.26244157655921,51.58273658573086,6.9178415559622515,64.31325574972129,millet,Low
46.402383286008444,46.295919510222916,66.13951599408978,26.718175957989466,55.95128203864927,6.649106889710561,91.98659103233976,soybean,Low
54.1473880150025,59.89354881252512,68.6042619771821,21.56397921106911,42.162586874160155,6.149957031722539,72.01319039155156,groundnut,Low
111.87276693596385,59.94500157845752,46.64323078575387,26.04095001073643,87.77591110464968,6.343470002810278,115.31614606640122,sugarcane,Medium
37.845362100689115,38.24216372476464,38.34894950967171,28.011676685825496,34.08773468128549,7.641905515592401,67.16469188028906,millet,Low
104.94071528708724,35.91845893716647,27.938271999097875,22.85926705195418,85.21991651516372,6.487581324266027,267.4281661865199,rice,High
92.14638733380177,32.03063997673102,61.358747701587006,23.861216348200973,68.91281193781217,5.928978667675309,101.85650058661406,maize,Medium
73.63550354677203,40.07022854454498,31.731543978168773,29.913020728634457,72.02504807178596,6.650682054731034,261.3018481736663,rice,Medium
148.646394543921,77.69499500739333,37.8226111690298,18.84302775084542,47.93923499076131,6.736738462251072,115.3159352411018,wheat,Low
102.58336779822511,55.234828457612664,30.709001928315278,28.346460325013147,65.47934457672861,6.88671302275959,92.7570830582502,maize,Medium
109.6838156826129,50.2325748523763,12.15621282123492,21.08823930286598,71.37361541656594,6.410077369630863,90.37957356351083,wheat,High
137.92054006821945,45.77877379715808,60.58913677566806,28.5981361462846,78.03678870261136,6.798313619297614,160.46533591198923,sugarcane,Medium
55.83743654164405,26.200106823160276,46.72709436649288,26.498758277842654,42.40016444590939,6.523024306163116,53.700791750905104,millet,Low
93.73854427015851,54.1286470587616,44.180100870953524,16.23266360165662,57.515229609900594,6.434875632281394,85.55205310489005,wheat,Low
102.58410750704418,37.592961761436925,38.300378952647634,26.690212277574208,84.98645853454836,6.368634644245782,246.63697008217846,rice,Medium
31.708310229785248,10.563721613800482,36.15657440892301,27.980536495075107,46.45707896808941,6.677645621620208,87.19543786656627,millet,Low
67.17275903458503,9.194794919901021,40.31634061557319,24.424683076956917,46.06533191490165,6.882300901852416,66.70252266147328,millet,Low
98.71220821460157,49.884026944239835,55.54756767684781,23.798167605259398,59.402711684537095,6.641266122565277,76.5293823249402,maize,Low
104.17522951967004,43.88943964881039,29.843683361356327,17.972134315296554,67.4558485814899,6.662848455376974,135.33519246288557,wheat,Low
109.89176861670417,40.35261902327023,43.68814740049564,22.28191609286765,61.644521978731596,6.034375971765013,108.91220885790246,wheat,Medium
34.65284547055684,64.34429461186159,55.6520835297025,26.832263333712028,53.81621252666703,5.821840065287697,117.4268826603157,groundnut,Medium
94.40336898249944,28.721018344519138,50.597159789202315,21.31236242934037,78.82568393592223,5.6982842307323,251.77058718487308,rice,High
89.28854894207294,34.76641680784624,42.98039492194029,20.454054011795343,75.96778943077156,6.349670273897845,79.05214453745823,maize,Medium
62.27150640241077,71.81283226752605,59.53613987654148,26.061930655191027,80.14122966669692,6.733131227782455,152.89324578544623,soybean,Medium
112.32733014298034,35.220603597489415,51.411063558646426,32.91776955022526,39.617825823501306,6.828790683974465,94.4268045958785,cotton,Low
26.91626473464367,16.160877927896895,44.31127445972779,31.171991097205712,42.7095887768465,6.975530062107967,31.26696415641508,millet,Low
128.5620488435951,69.51150698434476,66.6253628013776,22.688666305524592,62.80805534536557,6.680064721490048,83.91540051562455,wheat,Medium
80.82723295512078,28.120066837821334,33.92120104666915,27.55297706140737,77.6455371210792,5.897846827058671,227.47067057908313,rice,Medium
137.3800608115444,41.42717644078034,48.45430526171538,27.04500077649088,82.58279863417955,5.935243774559761,166.29152866735888,sugarcane,High
94.6634592202914,49.30459349884739,52.05692010201398,20.237517039013188,63.559866387647126,7.1364377090929905,57.92892149728525,maize,Medium
103.40551718297333,46.11118189749236,47.09730582102226,17.25278446604088,51.61684878950741,7.086349097876384,100.10532163193331,wheat,Low
103.06945946185866,28.848243837039018,46.516554954556945,26.849863614638426,80.44657015777554,6.01003853735099,243.467752059011,rice,High
66.65127152010373,39.86261806840905,63.00911748761173,26.230465673180767,74.30204665486858,6.002497366735475,259.8506727778856,rice,High
89.82608319402242,27.098763422598932,37.436938998717125,29.627271908596306,48.5282888565936,7.297051241191772,118.94763580795892,cotton,Medium
92.55944447646363,39.54568363990843,45.865838841861134,24.792764290822017,67.67732871828765,6.337409398575444,122.36082172233627,maize,Medium
92.40027338779181,51.02139283401054,58.408785790829526,22.650426680154023,89.41486972004164,5.9806850814037595,213.7640728825333,rice,High
66.39808935039814,72.88172315060172,48.21733502119301,21.38773914948641,56.508216216610975,6.113651346297961,113.46862371264301,soybean,Low
90.4800622359865,35.9589855558458,50.5196657152694,28.22628611602792,83.79575548243895,6.824604478690741,272.0696515759519,rice,Medium
133.28963369698081,55.42354468894259,51.325982457861,25.39255267821063,75.18162122106241,6.365906734158187,169.48007132951628,sugarcane,Medium
54.198270421352106,69.85090225402928,55.065494131375765,28.398993546042725,55.304619156439244,5.51200436497745,82.10090121618255,groundnut,Low
30.220717689649213,58.79966569270397,72.76219692258238,25.87319600469562,58.510814248274805,6.714193035931831,58.78341438093432,groundnut,Low
95.42216731778872,62.562941533857675,35.97707101758368,20.12805754336595,65.15566604415106,6.630443983071059,86.53719388481939,wheat,Low
129.0733590659416,56.96113384463357,52.832652769845026,21.10619156143197,87.62841007376912,6.598946918260553,197.18513810852136,sugarcane,High
135.43814636639442,68.9517767042343,62.16406428796665,25.597500911191847,83.85683214040152,6.618427216732398,124.8291851130064,sugarcane,Medium
34.01947326275216,60.92849139313,69.2115931738807,24.712453129317037,60.639966841948656,6.0176982568709425,93.03757524547336,groundnut,Medium
47.43926873475638,50.77339217323052,30.022531982806846,29.59843939697026,72.9047678686135,6.37893558252978,139.02568984727526,soybean,Medium
114.38223263178199,43.36283135202993,53.506025938487916,33.20212586326786,58.0736737731957,6.800042505675182,82.69400138631357,cotton,Low
25.94489528130839,44.04713876009902,39.50253322615643,27.2809510515863,54.76348046723416,6.84312931296672,92.7583858289844,groundnut,Low
107.94857252496737,43.09764512367636,44.672345525880814,25.954070452481012,85.47574899760653,5.810772423647378,224.78321473656612,rice,Medium
100.73649973538804,34.25404158565379,40.234616021185765,22.81985310676603,61.90065639517668,6.142555367186796,77.18909076351608,maize,Low
72.8481189968437,46.013080111705264,68.23203621308772,23.520430563373207,53.649722100672406,6.859177443748461,87.07827055798812,cotton,Low
72.31440313260296,59.252152661538766,39.42459243241928,27.21119027100983,81.8548263616545,6.329743712688641,183.8519255707949,rice,High
46.56928394469633,59.98182596462345,53.16724066023813,22.00475754680547,67.52853241161544,6.886466310712902,89.4095505145386,groundnut,Medium
72.2235880293646,52.95788784570976,31.000161276276508,28.708034428097747,62.589059780103824,7.073065165859246,89.46669045922282,groundnut,Low
127.99558405409843,45.679671364334276,71.29942816261789,26.888207066772807,77.52845522418708,6.461210762889348,187.23371699886906,sugarcane,High
150.0,57.26144315715139,44.754141053018145,29.650009309891278,72.16598997710287,7.207884277730031,112.01002999969077,sugarcane,Medium
34.87719377492042,70.71692921478831,42.30218809035176,22.13185373268982,65.87849074808334,6.4086506522374265,62.63269889931571,groundnut,Low
41.46126014596469,56.88375763870717,45.01515438720644,31.22415096586012,82.74074982408368,6.541215699366001,83.03538190608214,groundnut,Low
54.8394082821206,29.98113831152167,24.99953419690731,26.492180671500474,32.11864161605253,7.261484685792868,52.657128579055374,millet,Low
114.87137359300313,46.96681224442737,64.51076776668725,28.714513918418884,48.273824880811,6.759164901018448,85.51577010767907,cotton,Low
123.99913849176211,54.338782603212145,49.172194144865486,29.68937034646123,81.90798571197122,6.684918287159108,196.5625973034194,sugarcane,High
40.60550981394708,42.793055568557904,61.899756539129626,26.06194579801302,45.56710130266683,6.5174560529862955,159.27257737784967,soybean,Medium
128.8516869223743,40.70462035977702,19.72980354439286,18.728646039450826,48.3432103744881,6.580719880733291,103.82872890948023,wheat,Low
99.23656724656712,59.44661324602579,43.32664469182801,26.26597277288431,83.18389424443357,6.07357085758918,195.293924182626,rice,High
102.6587864825837,7.056405355931389,54.860424630268554,34.469048895187896,51.95444300963926,6.675564347607601,70.60041051620334,cotton,Low
37.71250482535121,53.19995288446272,64.16734436458559,27.32684491499093,53.07760579892119,6.538784118753793,30.200452761096493,groundnut,Low
78.77369074024045,49.525191944698065,30.65857923815358,23.361338753538455,60.849303657426496,6.705656396304289,113.01866332506326,soybean,Medium
96.64357370116787,45.002738801023696,45.02372213706973,26.862255306469883,77.74784171897349,6.157563180552378,166.06041773978848,maize,High
117.92872279421293,73.69953948126937,69.48469291842564,29.517772411485645,78.56808833682437,6.482640152235698,151.7474512880446,sugarcane,High
69.49681952376868,42.3028151772878,30.958643687287687,28.84866240632397,73.09061218930057,6.57372796449571,117.8431546039218,rice,Low
96.16473006407124,30.167358034014512,35.732706583359814,31.08881308425908,70.85976360135142,7.7687210669586415,103.84400639528384,cotton,Low
81.39128420779579,23.66673748865489,37.4810059032139,29.49185444268443,48.28368177521662,6.098057182813507,48.26374568793837,millet,Medium
86.70447083240269,23.15729644523605,48.994602801331226,32.23407058523688,61.282764824082264,7.694152158104117,71.83465548346969,cotton,Medium
42.67406932952282,44.261699598042284,22.147897547338758,29.50813240982812,38.7937120854992,6.6920251365116155,68.41945565062933,millet,Low
43.767854316407025,51.775790007876935,31.20964644551729,26.693120261975622,45.90148160128299,6.36874142684663,36.08849343553109,millet,Low
83.43199550676064,28.712364606654447,36.76740291557784,23.46721201572378,73.24713710230066,6.291960499292139,128.91720802227587,maize,Medium
124.2976438149403,49.46890241679892,42.44935192583165,27.39298327938974,53.53403805432575,7.278371834108151,43.95224109720477,cotton,Low
48.83339548480205,40.287498049476184,5.804468274922016,24.9653396576564,27.85824122881163,7.165436644532846,51.33431652744291,millet,Low
72.15167227815472,56.92086197052572,56.76390741146267,17.960046542106593,57.65146530727291,6.155292855122912,112.52779452655429,groundnut,Low
98.30289986393599,51.903115718643456,27.40419863993928,26.807353910362664,43.92385584460003,6.589757455424959,104.693212898115,cotton,Low
58.31434445070595,28.07202181950334,13.387462269435716,32.29017262288785,50.50486419523415,7.0646848975648755,48.92130632315515,millet,Low
118.47164396471226,48.21383360263596,39.44427589338511,26.72849938538055,48.8751107437585,6.2849168765879995,98.35265839518122,cotton,Low
49.015763843546964,48.36078809575887,75.81396849710924,29.688005515692048,68.82579152130099,6.180725642441214,99.86752901894195,soybean,Medium
106.00012034383731,59.03154708534807,61.58590789245032,27.77196449207693,88.65222148349744,6.40290961244292,252.81928724789458,rice,High
143.95799978986886,47.06990563896903,53.097762604277804,25.86438431563179,81.07526177039641,6.513170159937016,190.15307648724013,sugarcane,High
109.09273528188692,57.209432779938034,60.82902231269125,29.194969942706326,70.96839642466082,7.060558156421927,116.33321446441083,sugarcane,Low
76.72695377749223,71.91339379722601,58.6263610344884,24.133322756997856,65.12310051601015,6.3760591101238004,47.64440753328431,soybean,Low
41.47789037358082,57.5946602078733,55.2156709524197,27.88681732908942,58.98269762964695,6.384834128746893,97.18169822801981,groundnut,Medium
32.942952298543716,37.03190122774538,45.67536570873844,28.735219309594875,43.36992389204464,6.5911922886411665,34.834072294981894,millet,Low
31.16962450796089,53.83440296750358,71.47299599498648,23.84437187966288,74.65695686061841,6.151990820369316,98.61937431480736,groundnut,Low
101.28139940191245,52.64700245284833,29.74857934689261,23.43539268368154,67.17130517275376,6.6881264807153125,93.58374497336084,maize,Medium
110.7259983172031,49.027194734774994,65.93500644090298,28.30292900805623,70.27803674708454,6.484329946161546,41.10132556483077,maize,Medium
91.67600458422442,32.708220385700976,56.50579567761207,21.212590978470725,58.92783851252034,6.065682910620524,89.59685269699864,maize,Medium
61.18274349763445,4.088772776162784,24.011900826842528,32.602402458285354,34.720442704361375,6.58198290492198,53.09725539046819,millet,Low
54.379342688131025,30.363403638635564,48.87763226451483,26.66378145389254,40.92346797704135,6.001885434881904,3.121126704564645,millet,Low
90.26303887672788,34.40858826313539,59.87586310403986,25.45711836250935,61.548756946745705,7.240563974705062,103.04840945019042,cotton,Medium
62.590566248654305,69.9345878891567,21.86033276574554,24.27423661860313,49.986477349297,6.390381604445706,161.65077836405425,soybean,Medium
84.8410267010663,43.81737927430109,58.36234238636021,17.093458239052136,44.17490329738161,6.7743263354844725,80.96723595081774,wheat,Low
95.47237343392993,58.28088411603935,58.05252511389439,20.86341154297784,67.78991365384118,6.598792336041884,81.26468634734267,maize,Medium
36.59163982358448,50.33010909829268,21.715955250619857,32.96721297443519,30.605146550268213,7.3873989850273905,76.53167930274496,millet,Low
50.24289000811174,69.99785316464416,43.97727062002796,31.33483965525392,69.18213393893375,7.041957172608735,137.75871649056495,soybean,Low
29.860935027942595,75.87058155397993,44.686741758456265,21.538130620377714,43.24449978628078,6.227599557666824,86.720496143379,groundnut,Medium
95.25945148910338,50.87024556177196,52.616657622741236,22.999006026183274,77.9335301768509,6.271832712775839,240.5563139863566,rice,High
46.672873308974836,59.54086461043013,71.16007601681375,22.593208203423426,63.24192020439316,5.368682859943788,77.00813804490912,groundnut,Medium
41.93536601190735,60.076959523892235,43.1474410655079,19.201797572293184,63.00065212128377,8.076932404322674,144.8678333171347,soybean,High
81.03940239075233,66.82523634407339,47.44136514912742,23.40028833672351,62.79209814902463,6.678066407047303,172.14309284204603,groundnut,Medium
95.5057858235158,53.22312297253158,31.62213375177103,21.555731991529356,69.40920361510153,6.193904983811919,62.50538981231907,maize,Medium
46.78288036683357,42.93144423492974,37.22604294592456,28.911622437794136,62.37170222329168,6.3461670225119144,142.55566748403083,soybean,Medium
70.28337544825776,61.655586407688176,48.4816874056562,19.00418330033348,58.34942872699507,7.029504215204907,133.81837410896517,soybean,Low
150.0,64.21010898180756,77.74216654288252,27.516405469402272,76.26805103592461,6.6265481858482636,169.84893594868325,sugarcane,Medium
74.11884595003379,47.93027745418732,44.06105752040181,25.984029153950218,67.71623958610928,6.082365625670464,74.58121864114668,soybean,Medium
107.44298781044975,43.576199449188096,46.137994904342335,15.2263076568657,52.21920664323655,6.7146172882598245,81.82456705975572,wheat,Medium
118.66808797910677,81.79739100558612,51.68451594562542,28.835544301103,85.26099657219191,6.737978748786509,157.42750388871957,sugarcane,High
58.68903471044615,40.783534400765824,31.41413191369561,28.42309044715512,49.3569000334723,7.035496326044462,54.149676129013166,millet,Low
92.84372424898115,57.0125531108057,12.561212484009154,23.217940597428278,83.43021389640872,6.400437667975938,259.0079051912972,rice,High
95.90241696179751,56.24595082039237,70.32822505642356,28.514112003638836,82.13964166137652,6.705024402068009,172.99241667279205,sugarcane,Medium
123.47807959941674,64.78713093515395,40.52430045595723,29.26105323907462,78.1848428099877,6.342055293561523,233.92633317808702,sugarcane,Medium
125.33187566239478,41.907439393671105,33.50942921194374,26.294813805871186,82.2058339362238,6.74440533118822,217.56690619022407,sugarcane,High
121.701384972403,48.11556226848818,59.424170461793025,21.54119123015253,78.03123157136967,6.181022394040617,163.91381454348817,sugarcane,Medium
84.87326901178976,24.969225467199955,22.335555123678503,17.1166327272359,76.62204436100947,6.767581614111302,128.2186962635227,wheat,Medium
38.57096644576935,42.824459761615415,25.53217975715419,25.222113344359887,48.20846646154906,6.089792894594458,45.450685875326556,millet,Low
120.55238222337537,39.066142766362326,46.688582579646344,29.925841388331104,52.83785916508889,6.570139863883726,85.44295502717917,cotton,Low
106.33498758116471,47.33734074449278,28.802723167425228,22.19416667419447,62.934148826280186,6.08359725368684,74.48160241144157,maize,Medium
52.766367235632615,21.92415337001692,20.64546629568748,26.79180434437805,28.012971692814176,6.774231840773445,66.13239573963844,millet,Low
50.44284573739368,77.65680417799827,65.89038760951236,20.914946621074076,62.93855510279357,6.746108462917819,72.59266052369013,groundnut,Medium
41.5219696780038,61.95158374095564,61.145210420909294,27.913265015146607,53.77041292203806,6.3584729895151275,138.87821822229955,soybean,Low
113.7829228135143,16.35629702378319,23.565039761531377,32.85113477356505,48.83660160689697,6.973943461624146,108.58403825514571,cotton,Low
126.6636671710165,21.990375816853902,46.12309108787571,32.271861536623504,66.31015718633007,6.955727852291824,79.27068251933598,cotton,Low
34.439531271757275,67.3489398349845,61.60975402220206,22.582141522369195,73.607772155332,6.306448158674653,135.1102706674606,groundnut,Medium
51.855364398419816,58.533455167623664,39.607586657319295,26.97707785606329,52.51165939530578,6.336333972314423,140.38076613652808,soybean,Low
117.95501846531616,40.66286257000743,59.06172171928614,23.65658288460341,69.18204725920103,6.384146845416355,77.14525985023454,maize,Medium
132.47584101709904,64.28658313212316,42.55088836758658,17.160568972868983,57.28369764071847,6.508691119037355,102.64913883639663,wheat,Low
139.07699523638425,51.63660744307383,43.43217395867833,26.593662942030644,77.03608028180355,6.727191267132424,209.78439374773677,sugarcane,High
114.90491769905147,29.97850595233318,69.83495661476506,32.9168815827995,62.26418130028953,7.783942266299386,62.3140113796953,cotton,Medium
80.39608882555528,60.09458319663603,55.49205933432303,24.502114805581225,62.033992129538824,6.47221357935497,115.36795186814483,soybean,Medium
95.50485027989819,49.39754459549906,71.4495170923597,20.575353349969994,63.123035440340686,6.220563434146582,90.95594987400071,wheat,Low
95.88623950768151,38.89243649151001,44.69310825369607,27.42907330806866,85.03282095499976,7.303864015564431,262.4083962999552,rice,Medium
52.576790127310204,39.58756710028991,69.52541662591709,24.150121121746864,75.33064583251968,6.933049968400884,73.055012683352,soybean,Medium
128.80226269768306,47.660738245544984,37.96793659971803,24.13777171445749,77.57982133915174,6.24731128496898,167.83748951029312,sugarcane,High
136.44469478806099,33.907398770203436,29.417840351558954,27.330922956200794,57.256289683697766,7.073424984076752,76.17862520464436,cotton,Low
66.98828743896567,60.33212186278211,48.9877681437551,26.360886895135696,85.08663300435249,5.750143163264853,248.4645951235556,rice,Medium
63.49931372336069,53.06647015976799,74.28834243655109,24.51241610597123,67.68174676973898,6.86983114634514,138.31306354397967,soybean,Medium
27.594947158497728,47.18099381089294,24.876235541918852,27.428943401969317,50.85337861296729,7.048378931357151,66.93565109188393,millet,Low
42.03277004187693,57.32702144217575,59.427006434898956,26.920369887384354,42.93504625825511,6.4681661670372455,64.33223770536836,groundnut,Low
128.19768782587386,46.39470064272448,42.59257151745335,28.741814356326266,62.09263594206119,6.5302926389619715,43.71934252747104,cotton,Medium
40.45370884331979,35.523933820577795,10.19574595014565,32.244742185094346,57.715575488837665,6.282902953063108,9.439908219590194,millet,Low
99.48611608583282,56.67065339552076,52.46171954660636,24.119098826636698,92.87469134798157,5.975013289642293,248.310077418219,rice,Medium
78.46286475319053,33.721162786693625,54.95369810318098,27.977737005297215,87.62542082575935,5.894910088573514,155.69760542524102,rice,High
38.28955576258176,40.22418041890194,48.76753604231645,35.02672825728838,44.161437072476296,5.4162820451305,57.22864753205178,millet,Low
83.0300057495777,44.63717968348129,40.61375907197481,27.602738432518816,76.44138194895024,5.66252101994796,121.76384376463048,soybean,Medium
91.45825338261834,48.511743351320035,27.229359918191815,18.68248762719616,70.0877420056939,6.312286213391122,69.44809970430181,wheat,Low
0.0,57.564379882225374,56.619274361959,22.64182736076227,56.21453514954309,6.297073399764294,134.08247000748923,groundnut,Low
99.28902323026732,54.141031810764645,46.40581954943027,27.257992108310745,57.66584427992017,7.167019232147998,112.47874551369168,cotton,Low
54.980898551246476,49.077615525265074,52.72022291803506,26.921928061209016,74.6754506651207,6.968601314093238,100.38278693100834,groundnut,Medium
58.36958096822762,55.39826377291336,65.14487868138467,29.260590469165507,46.268019382849076,6.035531975990063,76.95423646279629,groundnut,Low
93.18178421884834,47.37616067077957,38.90320530989062,18.52586033680177,54.306196488992555,6.852771186708782,79.70441577590857,wheat,Low
112.82110035487659,29.785834210630178,57.9840144141065,25.613034598522578,66.19534341323106,6.3753803448405275,74.08656541578662,cotton,Medium
79.04968250254522,62.25949717279938,32.328122256877876,27.711542400867028,65.96419138683727,6.490133970170996,86.2592445095633,maize,Low
85.02312055543933,15.979117990284863,48.19438230206021,26.50164642134436,60.352681682140194,6.598280746957143,126.72666259195651,cotton,Low
133.29637125910216,37.797232924414715,83.15123995945538,22.328138605889805,80.57423740540528,6.39913887899997,175.7391961175731,sugarcane,High
115.826369159724,62.74957169924454,47.81204122944209,27.174714850520527,73.61512124634748,6.127249748924184,188.58521099229273,sugarcane,Medium
23.170665361481767,40.44213809696125,23.762097333917534,31.0804874618138,35.55601210401889,6.247331916242574,54.68954277133302,millet,Low
124.1317128360156,59.93875628221547,53.090340047244375,16.157030567711118,59.32168806213172,6.251302748294598,114.47223896391948,wheat,Low
28.975721847469334,49.16507991542487,76.2151440020744,23.81128120033883,56.732641198949466,6.673447324774534,72.23270018832473,groundnut,Medium
111.73195002297189,40.509207419989366,30.641764645340334,15.528193539084,59.24712438840651,6.800273127582993,141.24530239464815,wheat,Low
134.05126617021645,68.05710955850307,51.56212245293024,28.50409276723766,78.12301037620601,6.332815607115634,180.0111514012774,sugarcane,Medium
120.30207280785228,65.16125330809894,60.22798898711845,26.26388343571264,75.55446393204183,6.736262997298059,158.5969469286576,sugarcane,High
83.32629625729673,49.57009305552244,33.62254538368942,22.129489350058613,67.50505712010525,7.386616343711441,107.17664489647291,wheat,Low
109.46233826257968,46.33466357069982,24.249805325958956,23.528925514665875,58.31871245268674,6.650685674554446,147.74201103288414,maize,High
71.99555389416335,40.985985169908616,39.30065626606853,23.622437784701898,81.31158135119861,6.546302077668049,240.1994911592183,rice,Medium
101.30722969978257,76.32753721636544,65.80609350031753,26.438856586802896,74.30383473769227,6.754893434811995,167.88635048769947,sugarcane,Medium
63.14010772811547,54.96339509086017,70.6270407609284,26.459219151774285,66.4362188513122,6.966902736699813,108.9168166475526,maize,Medium
75.74915399287521,55.59593626849861,48.65699977760954,21.738797461195247,64.87180007669104,7.613294056898932,100.60515431359659,soybean,Medium
127.7766566673532,61.06313611809042,55.5957286233403,28.52733629943799,80.40442352214968,6.462584552529054,165.0690127299887,sugarcane,High
97.40974910529675,57.947155785915434,32.53066597958713,23.963869341120205,59.03385879443,6.279679684552186,98.27807608639618,maize,Medium
40.50351472103509,73.07255803385529,53.63348070717111,24.75940622357201,53.17941929002801,6.3422048634222286,105.2477280663661,groundnut,Low
118.27292067631384,62.6884196645387,50.466364000875735,21.826172213997044,63.786284531382165,7.135787401807361,103.33398111763623,wheat,Medium
40.19221456849743,45.978109294808796,45.51251210472457,27.617124490258277,57.42390423506076,6.164655374277289,94.30147305915648,groundnut,Low
74.01382357723287,31.756558493112685,50.41155161731772,17.20184371755215,65.19377435518757,6.586197238707794,93.16841155492742,maize,Medium
39.014581026751195,34.80518392627536,47.18266876529416,33.96896752341067,60.39876396098817,7.911553065306777,60.942093955186266,millet,Low
94.55325008266651,25.910517671059882,35.3398367403861,13.387245610652474,63.84076336734855,6.845256182821209,78.851407153471,wheat,Low
46.07496209626277,38.359578014612964,37.64799649526631,32.25959167369646,49.1852802672173,6.61013374299494,39.47863834517685,millet,Low
100.45431606766104,40.99416612292788,59.0774956510397,25.223611811998694,91.5918830230283,6.081807872788336,242.43677791764955,rice,High
82.23583051445743,47.68545541966678,44.80292524712698,21.86204231595642,77.61441976034848,6.917823145407115,218.6749210850481,rice,High
38.91561010428271,48.10566938850535,46.21768948170323,28.095197363988206,68.93583542112103,5.65241036966925,87.68501511829018,groundnut,Low
129.89116452301508,51.25950889039343,67.94083934516337,29.471886404456207,65.87966151286065,6.1068062647086885,200.5848282969931,sugarcane,Medium
89.36468563554264,73.43910965031881,33.689443889257554,14.540002790382765,51.50124522311432,6.257820998755085,45.15268755330274,wheat,Low
116.7201035167291,45.7283573241628,35.74797214948508,23.986155401723973,78.87728877826535,6.688867509819751,158.83483966775827,sugarcane,High
90.89898945399493,48.3285232554983,61.32790315006381,25.206455476068168,69.97682581355949,5.704296642058611,245.41672120836904,rice,Medium
43.695219294227485,51.50176606368501,51.615075317483814,30.340468520334603,61.95188950398117,7.252858584057481,94.79805012590283,groundnut,Low
115.77818978389031,53.44822847707114,48.400655417250135,21.783594651710537,53.360540206067135,6.619217080681952,65.9197566489345,cotton,Low
39.81519515091496,39.262205829681534,39.980797660178126,31.786553738150673,35.0293641780126,6.772026115763248,60.7592745642127,millet,Low
61.88519898185193,32.91723669994097,22.556828439987854,26.689319050669575,49.348194660400225,7.890193873082245,73.63321302794878,millet,Medium
110.44160833890561,45.95725847857834,34.84278838249226,25.668066290526873,63.26972168958484,6.128538189233386,44.602808565867484,maize,Medium
33.688312803134096,16.59696585705409,24.287879999749784,24.565658856836933,47.48383421604747,6.864979393920217,62.93494944410451,millet,Low
98.34001947164006,39.2402932722175,50.10380434542552,19.296788851902466,68.76035349894562,6.515130454329582,72.30935262944935,wheat,Low
61.83832735426157,48.812391591036075,66.42348107238213,22.360388785869723,58.59727494371241,7.074270841519919,155.90516165661563,soybean,Low
93.19916877016956,57.45986976770692,51.78731355489546,20.982189053544097,52.86513266793345,7.228386890106492,81.23888812569248,soybean,Low
104.14872258386573,50.1026729698922,21.149422514489054,13.879791333090752,69.15921711623002,6.967882243342906,136.72044601359633,wheat,Medium
135.56301688706537,43.10398729318899,48.41007874924843,24.385803311201734,79.11641059482328,6.440399259853129,199.65507146998866,sugarcane,High
48.709349993613785,39.13716748873072,18.630925259778493,30.386756987879146,53.3750322585863,5.558359771236385,60.224163063917985,millet,Low
138.06963954739734,43.565667512964396,49.863872840481,28.480842428095503,82.01930694129445,6.441282506274836,190.31907412233932,sugarcane,High
50.99320261523559,28.202271375050508,18.60479707121995,23.008857690146076,45.78261193481814,7.330749495401192,63.48735175536606,millet,Medium
105.32074943144097,70.0613132744391,25.968200253144502,33.280149459036565,84.59775895216417,5.974090398331623,164.89529996983052,rice,Low
98.27988960135947,44.64415381718786,42.592328414094816,20.095236051590007,53.175852136819444,6.306279118383103,96.25339343949798,maize,Low
63.495587001764186,20.231145330093806,26.28805808670844,28.509778307806062,46.4472854018002,7.084058476215347,59.23660826067143,millet,Low
89.39661148018976,60.26666790824854,59.79377073188705,21.125173992176553,69.6683544240951,7.031942914118052,86.76206882841399,wheat,Medium
95.40758161125564,39.549237887605706,56.83710703645015,31.757039086894025,64.09164459459876,6.719421843870027,82.57794814293013,cotton,Low
91.59586300793113,54.800000067362795,72.46548793056347,18.37497783758419,77.4399082375183,6.338973644118921,131.56633467871177,maize,Low
123.95749857287794,52.96805371461943,67.86665229946144,24.552510306687463,63.1349632882259,6.8338394586838715,143.65107000374854,sugarcane,Medium
100.14746796958354,27.060219200449268,54.30701100488791,30.963584747219528,58.67363345279623,6.775841545409795,102.94420494487844,cotton,Low
42.87990682933401,79.1067008837853,52.7768090208357,30.475829177484922,44.98368676295753,6.204676885315403,49.83852747398966,groundnut,Low
107.25006180571118,50.80885737582446,79.39825985416499,27.631045881840507,77.71284643408346,6.553824251314652,188.78512401025512,sugarcane,Medium
48.99465461087553,75.2603614982707,53.20040450594967,26.49805654362372,67.97170092330387,6.541357518983583,112.22350013982593,groundnut,Low
83.48255658851527,41.28993451837633,47.665605259604554,28.814851417927994,78.90373163069576,6.015089884517983,223.84483107763933,rice,High
76.5776016633721,68.04103794114799,36.0385588724026,15.414890789231226,65.24025183331266,7.150582258201174,36.19041138477049,wheat,Low
103.47384137635525,36.25988937081719,34.05190835331862,28.182356117503907,70.41028683884315,7.371537377610258,82.03192918977672,cotton,Low
99.33310716065102,31.33400258663077,57.46934144904323,24.64025477293096,90.71480520682448,6.320189743844331,233.0697905840928,rice,High
48.48406285847082,72.34762055989705,46.11690714462762,27.379677153430293,59.03503626262261,6.800974480326992,91.4112873593213,soybean,Low
111.71714088228168,38.697665889221824,59.92206356850937,27.1544654518087,49.904988206348534,6.332049134291629,118.56368028435293,cotton,Low
56.90902681365765,32.563158894771796,15.48810638665904,33.58730302001974,53.940164390196855,6.796339964924736,82.40258812662088,millet,Low
68.9726190448585,70.5901750315502,39.00838902361818,26.477450454233868,61.234614840142555,5.73589832748758,91.5383807071246,soybean,Low
86.26963310724679,64.28814691223991,50.89169941965902,28.581420465079237,78.50153536858637,6.31303198019532,213.31513144854355,rice,High
129.46869788962735,48.67520658112271,47.71608304643143,24.12729508592168,81.30077088730728,6.49462160952506,151.98973514374183,sugarcane,High
100.68345821712848,57.48088565935899,48.44128159766673,13.149859875155958,63.164941345156265,7.050645454905228,83.78460365583307,wheat,Medium
57.44484393516007,58.163033946223166,63.58730881567709,23.504086675764405,64.75607202105175,7.08390530066583,86.30028131192866,groundnut,Medium
100.58689995883891,15.358161416129334,54.329069055966016,32.225858480337756,53.99402962003382,7.198409581193127,96.78175341763384,cotton,Low
47.94408507661295,45.75059033208271,34.129604457936786,29.124157286921342,43.78098002183059,5.570306871047907,29.10181260813769,millet,Low
122.22941152654803,46.60138353265721,33.213083585512116,17.054110034141626,57.471818394668965,6.479087989144182,96.15209038291022,wheat,Low
104.017654567995,40.11758035248981,33.78096833366557,19.933555474935876,72.4259655307546,6.3386030296060865,77.58670661295078,wheat,Low
73.12745854176472,28.230821876049546,48.63611789001152,30.31015032675276,67.04917792619958,6.44437539695346,69.02875023804572,cotton,Low
67.23189379978785,40.71564959032069,55.68459796223743,28.08661327269733,87.09461266445886,6.171360299256773,208.2413220934327,rice,High
114.20566903587971,50.44241161816776,42.070120376512214,25.80758496022102,83.97257446182088,6.368768301694114,232.8542886180109,rice,High
0.0,42.66430496317903,64.2992332853017,30.871531232807772,44.39279626568495,6.240121403665604,92.30953647497424,groundnut,Medium
116.10230117830378,48.597476490123015,41.82703125122255,23.978907899261007,73.87329423104741,6.387682990037926,156.304608812338,sugarcane,Medium
113.67047735411442,88.61647587561974,54.153993803650266,26.627127168356893,75.12387634406349,6.419413512818581,193.60265361116586,sugarcane,Medium
108.85641474019104,57.962563286210276,42.66697925027939,27.105542421400298,49.46347841068247,6.337312226976177,78.29493674168327,cotton,Low
42.2652794892451,31.277224997175466,45.220303337952814,26.103274981370483,44.14298226263459,5.928588925481394,46.70066977360007,millet,Low
56.202772499355824,40.55719724525401,69.09129630264925,23.278733348786872,80.90027328818694,6.0132149692625925,113.54148400069323,soybean,Medium
49.69685125789488,38.01101952571929,8.466676978933183,32.472265837981475,54.19581648662824,6.1352572112022985,73.36666459212321,millet,Low
111.24850359135566,53.35121405859831,28.589071243753217,22.38658781615291,68.58908611611622,6.7051952119949485,114.04967972679603,wheat,Medium
137.71800493553155,54.28635572461212,47.591777379496044,30.93777923286089,53.00275569424865,6.361285735153826,85.18855737221855,cotton,Low
40.78059520995646,28.57758919165363,23.82877234115231,27.68115154094898,46.599857598909495,6.087800113389485,79.1481969046438,millet,Medium
49.728201214494966,60.50715677957975,56.98461722828635,21.115237856854478,45.84391810918022,5.914903754050078,88.39223874701885,groundnut,Low
75.42514898188071,28.444582022532835,37.47939330492042,29.37233815995804,87.68515877273714,6.362820914849814,189.08489328705565,rice,High
117.7019226061229,63.73151682271927,23.345577394530377,16.536883881153766,73.59466403816195,7.630026015739417,102.41000294334853,wheat,Medium
7.584160039760938,54.946766734058016,67.05786030109495,28.060326467142993,67.35526743002917,6.492216634740292,88.04033250676518,groundnut,Medium
138.23690013337549,48.6400848195583,54.90628898889864,27.639855723689546,77.33781144424884,6.922713789923627,173.1542367102771,sugarcane,High
96.089404914561,55.46120347004066,42.388703398192234,28.71348862227501,58.837002556412585,6.992692376812157,69.19247035476147,cotton,Low
113.11775611198783,42.2028172778208,25.561589735330266,17.23146074251386,63.068020433033766,6.991776607234425,88.45589500349678,wheat,Low
53.43776320154209,61.097760071730825,53.72641590865221,26.26808221578872,67.87655876765758,6.256063815687845,105.3526451322421,groundnut,Medium
66.42987959801805,67.33294634066105,30.267840426527314,20.69044685630072,74.56442802310318,6.1319889090823345,105.5292719223431,maize,Medium
59.622861200135894,47.23745177723313,37.058562422779346,26.13671551971144,78.0903979143651,6.453567608927204,305.757763573013,rice,High
111.60065636430976,22.704547625525606,42.55044277352741,22.22581581048586,80.44158827317874,5.60431793913088,66.56403054975814,maize,High
106.15825127991425,47.22716627050784,56.71817509521887,19.11063566982522,69.67451333148247,6.777043718799383,87.48810698570738,wheat,Medium
62.855421296280994,26.606481478688103,37.856261916097736,30.393462816731702,42.12195986715494,6.9351963710045785,54.17335987750107,millet,Low
13.434147964942266,51.55612347221901,62.704541102722736,24.425993658303906,66.08953898161207,6.232897950031674,52.34792723994829,groundnut,Medium
101.52411557551848,45.272159825082554,51.45321828442181,28.771210705720918,63.44681441061973,6.316369899491569,76.08659301325058,maize,Low
42.356479759657454,60.82416851580646,48.47307935784091,27.700281143352974,68.54913775672068,5.799093899063887,62.95872259339848,groundnut,Medium
90.8766023883286,54.35738753293428,43.733319893718345,15.805104783274416,80.12352548124626,7.107535870387559,91.23270828800557,wheat,Low
98.37490368782584,45.91206469694894,51.46507190935643,31.017717160513108,84.51411405619628,6.177692368936918,191.79952576966366,rice,Medium
116.00254407800746,15.83124070914684,39.5973849813984,25.552271394554342,45.77034941095709,7.15404000463917,92.41586537449739,cotton,Low
51.775503014639085,27.319219003894908,27.634704144751257,27.997840753829465,34.610066507116066,7.4430756625716725,94.4453478197405,millet,Medium
94.21491053533228,55.21403175309567,42.88247012735468,23.244411207362507,73.3204945592206,6.266155757235907,71.50572090067581,wheat,Medium
109.48681324963451,44.30986189875242,30.7387365112855,20.981346643591316,75.9913150816916,6.990146244276804,68.69033084814741,wheat,Medium
117.49555818503879,56.371707943569085,13.861464163222834,15.580869212645851,65.60555952004074,6.743340565595949,107.13974365746041,wheat,Medium
82.36608091562722,39.259161892680744,47.166738619040615,14.724198298814061,72.12198000669207,7.021300487993913,94.29598349483828,wheat,Low
70.73799505746115,66.30609164312642,57.70750392323962,24.649707636081086,59.662214104906816,6.2085884495114065,23.719031538607496,soybean,Low
74.69922552435898,32.23394346698081,31.012092386378534,28.305872127529884,44.81857979610127,7.156011835494153,46.59818852363933,millet,Low
98.97993359484711,51.47122986796914,64.20258923097926,26.969994472442654,64.13765914308446,6.831401759844705,108.93111369327562,cotton,Low
69.77458423028818,28.556736728090808,18.935708097873817,31.531486323456875,42.18932051635431,6.3757391852476735,60.35505092346572,millet,Low
43.958327415250324,42.544623017074066,56.330036544306665,30.675152035642345,54.566224502255196,6.415742301997678,92.478144811904,groundnut,Low
110.83943299674073,65.930884420405,59.11218262156477,29.370326062878682,83.38981529813421,6.60273526375307,155.71816873761372,sugarcane,High
114.2717391558713,45.60191575558338,19.553540958079374,17.84278664826759,78.63284413004394,6.775198396253587,121.17229288836799,wheat,Medium
55.02805620311632,60.00192608888502,34.13922905773856,26.05761026289664,47.86196911542316,6.472444915555772,106.68388211136696,groundnut,Low
102.60930039756829,51.56080281841655,42.13281480996367,29.890983639683327,81.8627916262067,5.998090031508713,180.02791070820356,rice,High
108.44805815229614,34.125152235631944,50.50275105385132,29.32106198163374,50.83225159015123,7.238447387718374,53.739059281100815,cotton,Medium
21.776074976537473,39.31304847435078,37.05402146238947,28.866117130800674,43.675368219459244,6.968731043362601,45.68911160482945,millet,Low
45.67234697898427,37.95214029223398,19.098427949726677,29.568943864624693,53.26031118640897,6.568591578736942,42.28528798732491,millet,Low
126.0848691374153,55.11311632676528,63.6356624830474,28.72066511883344,61.39604746438561,6.950563740138896,275.01859288202127,sugarcane,Medium
127.24017009845554,61.066466522838496,47.903841321951866,29.84652984213132,77.19965806733026,6.342847048905981,131.47287027580649,sugarcane,Medium
117.60163414948667,46.72946334365829,35.91281551708166,18.680052745483792,60.507538029355,7.078345535637514,76.17275457714669,wheat,Low
63.51685468147036,35.134054326432526,20.71902088061981,29.087455736975038,36.80084080495307,6.697759101811605,45.64882721599894,millet,Medium
116.52817292434403,31.1020210010473,45.87492176587868,25.87999268778058,60.75679598099913,6.785156198055063,78.24440948563436,cotton,Low
73.5299756731514,49.75316869409951,41.44666538206887,21.398068803036715,48.34926889085831,6.59728862930089,134.5359927484891,soybean,Low
47.41783738073159,46.433754527604464,57.36847126527592,25.428424431139888,62.33099564990867,6.46185941729465,98.17688045133269,groundnut,Medium
48.0017900172998,33.30252455270052,34.68976154382406,20.070192896289164,62.08286356706294,6.185567520476797,95.40011578028913,soybean,Medium
34.69313903286529,61.024077309538725,71.91321308861092,33.415801317295575,59.74927077864222,6.746349035433738,84.63697624160228,groundnut,Low
40.51524003942239,46.978081637511124,50.220772143998204,29.060089246473044,50.920626925642296,6.231471161766933,55.956193292247605,millet,Low
99.28731391507796,69.68994563654039,45.2495244921049,27.309679412473002,87.42360904651717,5.796107718116025,125.48270257832647,rice,Medium
72.84410689019008,46.30271646931828,44.60124011226647,28.859409901739735,83.72274499121094,6.344601410082441,195.50250501438248,rice,High
113.40910733121893,35.47807396422938,50.262951491052064,26.991796702976618,77.45512034047115,6.156768221528273,98.00653074071631,maize,Medium
106.36100292277676,50.47336457888888,22.76908571357767,17.57887482328399,67.46090134551358,7.340881071546858,76.88582465582373,wheat,Low
73.8512870825315,61.92845461534154,48.38971035605606,25.390603861029717,56.77125330410472,6.47760840180232,111.41662799673516,groundnut,Medium
132.1901591466359,49.86225602808634,42.803515144585745,27.613393884059676,77.91033552347355,6.261112943302373,249.04029665564263,sugarcane,High
137.5335208052796,35.53215264047482,58.639742470712406,26.266732242662133,74.18816778227001,6.402805744789827,184.7861275926962,sugarcane,Medium
119.65516742648585,54.361450764724204,63.044202651577166,26.514667077145756,93.48175139214464,5.957723105245563,199.01399377409956,sugarcane,Medium
103.82702252965878,50.79225464651055,50.0411338854221,26.525634256725535,99.91155401562045,6.074588125531041,234.69926661897216,rice,High
127.82449462707366,53.53973577175277,64.89715270283934,22.50300693100069,71.24942203786182,6.49895574542804,159.67406183052424,sugarcane,Medium
38.0198942483255,62.85156872169131,60.77748599097511,24.6425221901463,64.5293887266556,6.116271693912412,118.39303123184649,soybean,Medium
42.21394854872252,16.64683106014735,41.380071351950264,24.855352823361685,32.10626347504917,6.435487674680611,101.21653127805317,millet,Low
82.6859066389126,39.80930174616455,49.73342570853956,29.50334618497942,83.52652505980728,6.035249213551014,233.5041064830081,rice,High
115.87821893368377,27.584824484720144,57.80801154550503,25.330465687176574,47.31376353404088,7.178820391535891,86.35319217678588,cotton,Low
130.28543818889227,11.621735526501851,74.62487973706322,28.70159530302774,64.31992706051139,6.83229022466695,95.63295835053758,cotton,Low
95.7290317834733,50.16049976629284,57.363401448382106,24.954043596776422,79.90445377408943,7.030699193424336,207.1345979513047,rice,High
93.37791514412875,63.34520743065606,53.223481016531615,25.192191070377703,62.0203547683343,5.738853537116858,91.58493839765148,maize,Medium
129.16784982545772,46.84584797036288,51.22067850166124,27.900924208841317,50.97079791699523,7.18589269100708,75.69062606365846,cotton,Low
21.867106587191657,40.626328467671456,35.55923482977024,34.39524493749445,38.17785709944056,6.35021536071079,60.934402405299444,millet,Low
109.14817106170584,29.31477096468806,43.22852176737177,29.286283776642293,61.163708765497816,7.282281588445548,134.83623875720963,cotton,Medium
142.98511976751055,67.97580349322243,49.946123265986614,25.298434502743692,73.6272588217357,6.572780843916482,163.1399032172566,sugarcane,Medium
72.0954475236528,56.029850083320014,57.00698781651574,28.90837160158021,84.56316617123011,6.910124357043805,194.15090760624787,rice,Medium
92.27825987627887,52.922362450236136,39.2751552496371,13.443267524729796,43.95415890536749,6.762070307487651,99.70939323075422,wheat,Low
62.17723044255533,43.66143398651182,50.985042795529175,23.615460594235273,68.07800427013443,6.26591724123856,180.64134193232275,soybean,Medium
94.14438249720587,64.20784931836268,49.1019025674596,24.32117235897689,65.23882495089578,6.054806691491724,120.63798916154285,maize,Medium
6.785977211731726,69.81041411814357,64.93189011682239,26.695018052585183,60.57876173855345,5.8728800991564105,58.169680652165056,groundnut,Medium
62.418171036174215,49.29692562544257,39.5451924816892,30.280370579775933,39.51621717849264,6.71882368608468,39.886098253636135,millet,Low
98.74384808368015,14.055612400870736,55.50066811948482,31.02191307241979,55.187081717268065,7.535809214441546,58.38933236660701,cotton,Low
39.15240813011188,53.97890686596335,47.34363801217151,28.10149118947449,53.963164940853815,6.510037390777502,102.57723133341656,groundnut,Low
99.03883353776925,56.43549091420628,13.646466146800641,18.905100026705206,66.40428983662878,6.443872860792051,43.90516041298136,wheat,Low
93.22075942132183,40.52793793136391,39.915460174233345,13.812632393422545,69.73079393406721,6.72184385952919,71.90024170643477,wheat,Low
62.61773492318693,50.772341519809956,50.755341158503924,23.587508870488655,69.33103498108191,6.5463443035368,98.6032637393725,soybean,Medium
80.31471959765432,64.32180539250871,60.35305510343224,30.606395014916647,55.18483476800585,6.655030843639653,55.55152911118403,cotton,Low
90.21409601754651,33.55272696724026,40.115564244878634,20.089688546864494,87.35558402979585,6.49230564762661,171.55312282876875,rice,High
92.73739073126895,38.40504416296095,37.89545852921571,20.959129517717813,59.304214181928614,6.735747552189802,51.42991954392751,wheat,Low
69.50573851087792,62.35746999075021,25.761801766833912,22.05090103984074,56.49246506990595,6.511848456782767,132.06405527845067,soybean,Low
118.56480636267997,54.55721163249075,28.383450897877054,21.10826295313877,53.61620059790661,6.640976893803312,65.74689349050891,wheat,Low
128.90766351114488,65.05616865443572,58.79164952619388,26.18769716685239,72.3181034062959,6.145641938171151,195.79716417526214,sugarcane,Medium
109.22067843648833,43.37618016987493,45.86020205651519,29.820827825159913,40.26464736854766,6.954070496537068,112.62086908298323,cotton,Low
91.07005052409002,3.8731671732391746,46.42937241209701,30.961593513927134,34.193620619114526,6.644240551747104,77.2411518109309,millet,Low
105.58158208910294,54.669910348015144,39.36255216378946,22.392531716257313,72.97487018772647,7.503448193678054,97.01591011225341,wheat,Medium
49.197556444802714,55.84836425997807,45.43437756659199,23.534661725984048,57.97279618128559,6.505534289288958,88.88789129825112,soybean,Low
84.39709420276154,73.3423408913232,18.146967168466045,18.650049356892858,62.57319946018293,7.106497190016204,84.52834370660936,wheat,Medium
64.12065693530465,60.1372925093804,39.933276476223156,23.569942309685864,61.1458722312522,6.078454882975054,98.11146510881292,wheat,Medium
129.87048371485128,43.65263884730361,56.48765787112237,20.281235962424915,72.86272270988007,6.586536032216164,133.0399049466865,maize,Medium
140.31645772842654,66.94363480635067,69.77676865946017,24.279952847378812,76.7228407034618,6.484486162831919,146.34848652713225,sugarcane,Medium
102.76346943251959,43.35153853920724,49.685578199146676,24.57133737936602,87.24633508427637,6.277435964547018,230.502453160077,rice,High
103.47168883788359,57.757874452709245,37.41198834942841,19.996250471075335,80.52973949170999,6.648796840392713,68.04192307050653,wheat,Low
47.443405098796326,58.401719248227785,60.17980663645527,25.398785394482502,68.85196256453699,7.176181067834336,93.94507198497087,soybean,Medium
91.2732694991192,35.913440427092326,37.624747252183816,19.508234422472444,45.05383343735938,7.451666545960378,65.8583799119198,wheat,Low
94.19952939479731,31.494131432419483,74.34902375540192,20.663839253287165,90.9762658689351,6.177766131635818,246.17462625416232,rice,High
134.6408566368973,74.34773833484257,74.3698624804581,24.099673665926595,76.79376736880019,6.814638331901373,171.7444987413213,sugarcane,High
33.43266815707521,49.20170434037678,60.01709713007922,28.483325643115755,66.41866222307573,7.271021675472309,92.51839520303362,groundnut,Low
98.73919498260781,49.512532212803976,32.28011331778336,21.352532724937994,53.43652122781789,6.472910969184582,100.91210344912352,cotton,Medium
80.68110493275087,36.27523835492837,60.57274624856798,34.15374082980839,49.44956465678542,6.791029239627652,77.5171415551992,cotton,Low
119.66465750162301,41.75770733983982,56.27988539274306,24.49640407812487,52.37299792466558,7.1266408593570905,107.69302739956122,cotton,Low
102.28866793448154,50.77186925979692,65.07436927296419,28.189696439539304,52.793280320828345,6.173740409648474,51.034918408512866,cotton,Low
130.63395446456312,35.1508562580112,74.42637748063514,27.677864144769863,67.84542366465963,7.0209291601393105,76.45843420319392,cotton,Medium
88.00089239947098,27.10397435452031,35.28336691526319,18.429146309636856,71.7968959081297,7.033028527523522,107.32143960593592,wheat,Medium
125.73718176767832,73.81349811754797,67.74717694751455,29.146733164889945,83.21743511192052,6.124631625386697,151.6592586413566,sugarcane,High
89.70543301609978,51.62987945300577,47.68696960877594,24.19589706814636,83.91869160485523,6.37618989518416,156.28025065873322,rice,High
122.55691186387739,55.563235580982735,53.326025166936006,22.261951376837498,76.81586906799201,6.670165371630162,212.3525078809102,sugarcane,High
108.80893620196265,47.53246575628103,40.9939908462172,18.00944318071898,74.83992294750946,6.239971710726796,114.56707856924854,wheat,Low
150.0,90.3429554792212,63.00617044506716,24.826727622229438,78.61688545893041,6.776152872519703,202.71826845356253,sugarcane,Medium
41.45299048713814,82.14479617500454,67.3443845906788,32.13481639409308,61.80136745781549,6.191916394618368,40.40594476367389,groundnut,Low
48.86372623815655,14.39117915535197,47.36405541102072,26.46430968368944,46.2069410280925,7.018090244342019,63.717557672445324,millet,Low
130.72570297598818,59.926833291889075,58.918079596660135,23.007675311930843,63.91871349079826,6.6083000838475145,104.48368268989928,maize,Medium
90.16468420807834,47.17146506171998,28.72644109616821,17.043755054261602,56.76150521166524,6.923618977213061,86.91639839884724,wheat,Low
97.62541782985504,47.79375328208948,29.851922746070645,21.961242029351503,58.00451481328066,6.6881970146813865,105.69015743904578,wheat,Low
42.91415000790434,52.65646504244562,46.40727388001308,24.65134821024584,60.69737304107982,6.291246634517982,124.97775456744994,soybean,Medium
107.50360704154855,43.59679632273,54.64985558575657,16.494647421565404,54.020275616927194,6.775598411257846,98.07436259044171,wheat,Low
94.59941096864526,41.26307482573615,44.48018271653678,18.021535400723828,48.308178733031326,7.685012415758897,94.012240599337,wheat,Low
106.28843348747367,50.696378794559436,44.69967649505827,27.60952953071121,76.60919210925377,6.196352401342319,221.12724629476514,rice,High
84.24788890596781,59.08994179204983,56.44643372796056,13.030130376966678,60.80441490989878,7.088591729502937,71.61741348295119,wheat,Low
103.63102750966786,44.771650021315345,44.44716022404395,24.996971366551556,63.265518914905186,6.1533197652784235,63.713936253407965,cotton,Low
100.37816301310123,31.482581264685557,41.97153718444683,12.474306681126428,72.13654079785377,7.079475525406817,75.25269205610981,wheat,Medium
121.83588350613192,42.06707278083588,50.34766197884859,23.288133425623126,80.91772382844538,6.530496728469808,141.27795450230118,sugarcane,Medium
86.79835693604689,62.88871364219942,46.78400948642534,22.370915771476678,85.59957237997723,6.687504740678927,281.2300332937479,rice,High
130.53930951217245,66.74520898639022,47.90162485866898,19.873097733640915,64.21083633879047,6.5897964241526905,188.29145005805864,maize,Medium
71.44979177149722,55.82110373449484,38.64722585449317,28.118324176691775,67.32483757809433,7.456919353467903,169.4753919109363,soybean,High
93.54284195344304,32.527938801371405,56.03055495745018,26.629024498524306,43.734185853540396,7.32227769955326,81.92696528453735,cotton,Medium
110.33525832449548,28.160091667310674,57.52252476234826,24.986986521118283,56.0145974810797,6.970704841300106,70.84145807155606,cotton,Low
64.30298206363683,61.246468489984956,43.62552185696858,22.039300378938073,92.98875259512613,6.012329739158118,267.1776048288515,rice,High
102.53538168097712,31.443517744108583,51.357650134983395,23.418759904148143,79.69266673462104,5.969243252190741,260.2517123685776,rice,High
66.7393864260574,28.641952220519237,24.59198186918391,32.3364471884198,51.8552421640408,7.339807059588874,48.50413545569366,millet,Medium
36.14338844695088,30.23111170837455,27.87989888750109,32.35673681512152,62.76962715417569,7.0924443437470925,61.325494746884694,millet,Low
61.37578424622548,52.74588615923451,63.28999088141788,22.589974074128573,79.6437477999902,6.358517983097767,175.15979628482876,soybean,High
104.25635757279075,38.077156132051165,34.21902394381971,23.722602015338907,82.90236271885725,6.950468335686355,233.67023903108637,rice,High
67.94374273861256,53.97765075597074,49.37473772826549,22.686788032787025,69.45591906098238,6.260676061018249,113.18458144025536,maize,Low
50.14280198672472,51.82157254057911,24.191764521644657,31.637921878126928,45.314473589947724,6.4687504234000155,41.75348971867284,millet,Low
105.47064594892672,43.976602497723604,58.201463597733984,29.690234347223576,74.38861703440432,6.54866696506965,204.81900363716494,sugarcane,High
115.77449624071451,49.58280007732708,63.45123814887495,27.02542622050436,61.87704629483877,6.62530704177306,55.44951256972738,cotton,Medium
116.96529790274283,52.690114335204115,38.14585212260644,25.25846785243821,77.90809451201321,6.0875598828456186,179.93519960420338,rice,High
40.223858241629266,65.38761021783608,57.194134893971,24.43748834881368,72.96414861730368,6.182950867851527,111.63918324935113,soybean,Medium
68.84491096405196,51.88187619317832,48.37476590662325,24.41895502264769,68.52019704951024,5.96245844903004,124.39841218193779,maize,Medium
88.26994761233445,40.88356259023655,18.747177362942907,19.99410823599933,60.576633301061584,6.600971664645917,115.04562134204843,wheat,Medium
0.0,64.81715591240955,47.27353586669977,23.34219522360467,66.21034872597858,6.25319103254735,64.86110072040631,groundnut,Medium
116.66887992609693,45.20602288106652,40.96259203255304,25.986077225886742,55.71358557290057,6.949367653400385,72.96991011493083,cotton,Low
127.14510581877364,44.36282642795436,46.90507261125052,24.65516696263252,78.31090740165041,5.7716430869975355,96.00990508209809,maize,High
69.33495948064363,33.74609952101853,51.18042320650392,27.07336208104485,85.36470715820941,6.621520820813961,263.32204972701106,rice,High
65.14572796041065,60.59376556593945,40.81838399468455,25.01132156966562,66.95392842288457,6.329155780506947,111.11043132488427,soybean,Medium
107.07118026604499,73.68623958852109,60.90490954709599,22.897895184292288,79.8604129432509,7.000642424390212,187.64991111058006,sugarcane,High
82.61250840142928,72.15675104719098,68.20031697257228,24.45422217187433,65.65851632819779,6.659404681820625,81.45518653949118,maize,Medium
44.94784185447096,36.070372297393874,41.68004939536105,24.628179025401643,58.807984016754695,6.567895357502818,71.58997475201289,millet,Low
39.95627272877808,50.42613454268664,86.50366696322695,20.809333621563542,53.78580872650352,5.593996624197164,60.82943076164834,groundnut,Low
101.48829078157473,61.61834089398623,74.26608920104854,28.936186395180215,61.86616344145497,6.135536269895805,48.42592657831693,cotton,Medium
95.48214720446842,29.29074650224912,45.2680708718233,31.589783247755857,60.05125596854842,5.998053521371231,66.38746243190832,maize,Low
9.208263502442119,51.30096788530078,48.27576212728188,25.42399618921574,55.198366203314976,6.204690510121325,70.47987621052516,groundnut,Low
57.47181126144663,59.702639547305346,38.12746075112336,32.0826465154389,72.01889767365181,6.410333468203628,56.66073395892947,soybean,Low
146.895901745831,53.81669921194387,84.02306951098033,28.027218588830443,82.49818812866921,6.686713735541936,153.44671794600296,sugarcane,High
111.52310824947605,52.584758065475455,46.09922367609508,16.844934564861408,68.06391187792742,5.947773408077119,93.53142850218659,wheat,High
132.37510788202712,48.69795248182998,61.07573078168517,29.369067919398088,52.06340283185454,7.12937899734216,57.58536148382021,cotton,Low
103.1348451051735,52.85771116305472,36.68299846534071,29.19998965883082,56.32687221438938,7.047399034735616,100.92477886584184,cotton,Low
49.63012941083424,35.59747167563295,28.833725474118765,29.380311803426338,51.02664937422569,7.623830001471225,33.283463096989564,millet,Low
131.0713124887164,53.69381649917006,72.39569081896838,28.19634430066959,72.1468023863122,6.342082740466797,206.8778182230788,sugarcane,Medium
94.17832459491763,38.931044181872565,45.088352177082804,27.030823760508046,67.64510835590751,6.031395117207781,141.35402066361425,maize,Low
72.37326056593176,44.52336928387327,44.10307499972525,29.46306533921054,69.49368822334755,6.646064252990068,141.4310470663283,soybean,Medium
24.49546563740457,55.91430905738467,60.72167473311188,23.70107120427335,83.06768636923715,5.910463641276114,146.85399471270628,soybean,High
52.82416976584224,66.41362242082214,58.921986513802246,28.76652036952126,58.961673366362454,7.0151419805305935,115.59255841475246,groundnut,Medium
121.1112400462496,33.96738490096292,14.636549727044041,20.062100568872637,86.4874615367052,6.29569874564446,177.09027897040772,rice,High
83.73928565601076,56.01757160695714,46.219236684810014,21.95656752695109,74.44514585328358,6.982810605371074,113.66276289353254,soybean,Medium
121.62654606403323,62.353903860031856,54.942204034003645,29.755948667850827,90.8922377636223,5.87470051359716,198.24255269160537,sugarcane,High
137.6610332441091,42.784606646378194,50.89843292482962,28.838522183362585,82.47513910859146,6.152686122817619,173.53861519470325,sugarcane,Medium
86.52539159837332,32.78935388975425,59.87218911888972,23.35729061759107,56.63155086012796,7.570581984765866,84.82474104432323,cotton,Low
98.56803629366391,28.685043998402577,39.03280300843887,18.551503548967514,86.54426931184398,6.398378161263196,98.74500061419769,wheat,Low
52.22346552183744,48.04173782244006,37.05963003446162,21.850259363891418,67.15388106309007,6.498925709654703,111.28721978503074,soybean,Medium
57.08365917220071,33.288774984503064,45.549382712455525,23.788214970824118,78.22151140824745,6.587029964992864,135.47692975489514,groundnut,Medium
44.236746460834006,51.30737801853397,47.97924194324081,27.362994299456687,51.84926024500278,6.3087394602847064,99.00041163095563,groundnut,Medium
63.578362973127064,49.798820348318266,45.34686892620531,27.634616696309934,71.71398276312476,6.835258758758864,148.6463141319825,soybean,Low
65.75482535800184,44.462364182975115,34.169936506014515,24.1883897885162,69.98604338766778,6.860930304452154,106.31685722939568,soybean,Medium
28.791740372698847,49.84383610184808,69.8394369057157,25.569730350623214,59.73875277007752,6.778744584658472,91.60737196468955,groundnut,Medium
131.82217868993587,58.768271229833374,58.8766917196036,27.69124068930289,77.62746781071428,6.569985512326362,216.4766701944056,sugarcane,High
105.98351721912732,55.87243863986775,52.106889019109865,31.728480679980482,60.8173439111368,7.5660569530175135,81.647290215056,cotton,Low
25.615449376073233,18.464982150587186,5.883199597575391,27.18968649653418,57.23023068568246,7.027959569829418,21.579737223534877,millet,Low
113.95633377233864,33.294405135251914,55.60702658219348,31.253501590872776,54.798490531764166,7.56585672878651,95.69201044686186,cotton,Low
43.389797663235555,48.61653265211392,32.710102008447684,27.382061229167064,52.49205284845606,5.978442355411095,15.204167392677583,millet,Low
40.828120134885,48.84182461928819,19.379578837169774,31.016125319126964,63.97774384362555,5.8940444623589165,44.00905318594242,groundnut,Medium
37.387029847113475,40.00920686292082,40.94176312284962,26.43340199028315,54.4363061408619,7.014619090147621,70.34550854722613,millet,Low
95.45714620880943,39.23296392606492,37.16459813001503,25.1070493134755,68.99428555880681,6.6107746811726065,128.08168503808048,maize,Medium
60.86434144739393,52.04135670908812,56.95497497581765,19.806026263371056,61.00817005555292,7.030105441250956,118.6059152845805,soybean,Low
124.01115031081056,65.88244641532341,55.48886105434372,25.777622995499428,73.00566333018334,7.153188034264719,162.7881685570329,sugarcane,Medium
114.70673264857712,49.814340311279125,34.58429492966002,19.423284875816748,58.76669292176367,6.4057160840613,125.65604523244788,maize,Low
130.12100139116703,54.90749618221307,46.54024516160166,28.04745553082771,81.6332638955135,6.051440723809053,164.7842761156533,sugarcane,Medium
107.66866351208361,26.131509100997018,47.56873072498311,30.296206468040047,63.587301619283565,6.123000923615292,92.46724780338862,cotton,Medium
86.68553739255503,45.32263006793437,47.50059369537063,25.989192382728294,75.04981186484474,6.550944916230269,280.135932070686,rice,Medium
75.18682466934024,59.2568215388452,45.01331933624752,27.68110379114662,55.355168473526646,7.1925995644111,137.3369548106577,maize,Low
37.86193354347883,57.290559231024496,48.42655444100394,27.99087244456786,60.96316323612021,7.101091072319714,88.93809312934064,soybean,Medium
109.57990252964653,62.697419901045805,44.41143808251653,18.68698917737802,50.1367883888137,6.91926338639621,105.08118751428485,wheat,Low
115.7123962751788,56.11266233621423,53.18196707295905,27.194893602587857,55.65033140033985,7.006990155559225,92.11478447098187,cotton,Low
60.38937136504765,47.760375374787735,56.92674541956903,26.861661035525838,44.16544164117844,6.689771270494165,107.34244887532861,groundnut,Low
26.433992465036958,50.21054729797713,62.79525838135463,25.755096919966267,57.06717944129005,6.652760135663126,94.63491641169404,groundnut,Low
120.43844279068678,69.68737476185945,77.82468081414501,19.51872296791778,76.57844559513445,6.380137800436024,104.20258012821616,wheat,Low
45.24621722871972,30.35204060544719,67.63745743028564,26.94428768436549,51.589425486086164,6.3901209427660035,66.94451807163213,groundnut,Low
106.22298250542866,55.559462361417275,40.52217602372159,16.994586656485644,67.73870267591697,7.141590390620889,128.85401051786937,wheat,Low
48.490861882481006,54.19819309915421,45.18475251488221,29.548684816633777,47.644360727331566,6.395364086272472,103.00441054000679,groundnut,Low
76.1721028031203,32.95251153502202,47.48720795278733,21.510412234729763,78.09985639355861,5.620141912120588,216.66248120838557,rice,High
91.86997443169301,46.24797865121171,55.29478590349612,24.238720604826497,74.07059532930887,6.4115199249541845,120.8896858624097,maize,Medium
104.14820070785629,49.52088243951963,54.53907736650671,22.705633066320345,51.03930227903861,6.175624993459563,77.91809039594457,maize,Low
134.56822628390302,53.62248056865214,40.364130294633895,18.917232312014768,76.05285232826103,6.156868826623493,82.90903111222806,maize,Low
92.37058205143981,54.79181122062957,49.32472074021696,20.922395682091572,68.49865079695299,5.868594903454161,103.21509745778789,maize,Medium
138.4418491438152,23.66998026038705,36.68653333464536,27.040278165991257,66.12666838541315,6.8916315850467695,87.9702084907064,cotton,Medium
86.30906267805076,34.8810408562057,71.05131260997376,30.919893588114178,86.45276494643136,5.559213675241133,223.0173455560637,rice,Medium
62.09522947927848,72.44076526977611,45.329466257638835,28.85650148945324,65.43724896730158,5.971743336188077,91.91126573355746,soybean,Medium
52.564785233468406,34.62985783718668,28.675401832247577,21.710734106952366,46.88629651358427,6.794239495544743,60.526825774948705,millet,Low
76.51480784719666,8.888555759513075,35.0321024695395,29.769732187547923,50.67223820254643,6.65242474397161,87.07783718646851,millet,Low
73.34136231801257,66.02724532108347,56.228140717769534,24.971937217758953,79.77135480402525,5.88887332496365,163.69953221128713,rice,High
102.54024280463496,43.52898446551857,51.96001616813046,29.85724950816403,51.995928154884005,7.407702268759449,63.597569099858966,cotton,Low
100.09291853950229,52.10176960489654,40.75151146870771,28.146143946323733,86.30911435424761,6.207846663077596,237.53902955238908,rice,High
35.72404720559021,32.482590357081484,45.969646987678345,29.82795754826162,61.69817729434902,6.08233301034826,62.57457361479297,millet,Low
89.9160597175643,53.02489986711015,31.899589486328228,27.31850369186068,86.67361902107268,6.869796973339016,238.31091464607545,rice,High
132.54539736956926,60.78361392463471,50.88979744598995,26.087663305039882,81.01544864622862,6.715798280548832,168.48886761652167,sugarcane,Medium
3.7695510688220537,60.17587091844152,28.24509311065747,25.32707951616906,59.44435889719185,6.455259022547031,90.895065000896,groundnut,Medium
123.84758467271025,56.888854650728014,56.79513574174952,14.723509101845732,71.67801061059906,6.181708085323707,112.84429053463964,wheat,Low
97.74519309592192,46.07964544176363,27.489067663953087,12.506565364984949,55.1724493498739,6.7655721228836425,38.11029977303667,wheat,Low
36.57458811013541,62.77849282576567,68.75766252985483,26.791457257038022,61.92860863042636,6.732960215436224,85.32314325193198,groundnut,Medium
51.8375651758221,23.327369310247157,18.31239546901079,27.164260842074537,49.76125859107783,6.529639614233959,108.97624611480454,millet,Low
58.26814024216216,48.35882504829736,60.67831386381122,22.312934464912683,71.05242320561986,6.164903330260457,73.96361543320211,soybean,Low
57.940633981344504,52.838768783783706,49.90922408390421,25.37331279372083,65.77352562309456,6.239040615815009,111.18490283606569,soybean,Medium
110.7507356233014,53.89589882603022,46.7158876177106,20.18535443732315,58.77532534608174,6.459596863000678,129.03383407010278,maize,Low
42.897042033658224,39.287272654800674,39.10409909386255,30.02205828231171,66.7308522767303,6.380533843768121,139.1517892928151,soybean,Low
123.71115746336051,28.155445852764217,69.39046988146777,21.866112988596196,50.36812624048076,7.215316662654402,106.40253129174972,cotton,Low
62.00190072959076,57.09016427804306,36.78444209087995,24.05188088503572,89.92782419363807,5.959830573704518,276.7841201805455,rice,High
132.86775771673854,34.66064330925697,69.2128916739727,27.3239455448674,68.33330607382018,6.654342587501127,63.04163426661266,cotton,Medium
95.65912172474908,67.81164146408653,33.11247867809117,30.430081715518348,49.201111329599584,6.950219434660459,81.35129157115003,cotton,Low
127.75546083622311,38.956264502313346,59.851608741091624,27.640116382986488,70.10737040467643,6.339846606855525,214.82040428257784,sugarcane,Medium
97.82912348425347,48.56381607879823,48.00591420415052,26.779648382745272,86.69093723066386,5.67181735476629,170.5219715648767,rice,High
67.79456202402886,53.30635814180361,65.17723432129958,19.60576492017136,57.166556509779205,6.442612107878241,112.39042939536242,soybean,Low
76.33270325166701,55.39792656471812,36.509372576470724,22.100181885869183,67.22591917450488,7.711622075028194,130.32519205060942,maize,Medium
113.93997442875104,48.66815468585995,60.0429912219934,29.309995121083237,79.1619705871008,6.5533725174234965,180.10240883378032,sugarcane,High
85.21635983969765,51.6034797441378,56.535494893992066,32.45643210781765,38.620502513834,6.366928623589919,74.48178107604083,cotton,Low
123.37794533241123,26.640461990624427,42.11557715579211,31.094961323725524,43.7286471784758,7.240287757784259,91.1223973752471,cotton,Low
40.95389090082514,33.03451989018801,51.41562728339727,26.5707183752002,38.556786639475355,5.933889106379844,60.405437842445764,millet,Low
91.4328944386109,55.5971754489478,51.24827395707202,18.73368630806787,62.438805135385024,6.018835424784172,114.1943635980336,maize,Low
56.84754528665989,50.57707711911836,74.14065890531296,18.76090889456198,52.76473821414695,6.512707885079054,120.79297112498058,soybean,Low
49.156599989752735,56.04724252844949,76.81934444491385,27.80371036445502,74.89531902520139,6.297457742858742,84.67553358624471,groundnut,Medium
31.195435209693052,63.98356714279864,61.121184774487276,26.401281722162686,68.49427813566658,6.385421071896785,110.13099644761017,groundnut,Medium
58.63333554553931,21.342711002037532,34.42698154595033,27.2781961007774,45.074320546453556,7.446304973732018,74.51847223296804,millet,Low
123.70229506253156,55.26055622181811,52.906238040892674,28.139752751959044,73.94367380070717,6.424073947695767,214.78090920037852,sugarcane,Medium
87.93827228058463,56.43449456643526,64.34733909586375,24.03777295061773,71.01620261886126,6.749463418065183,240.44810398099924,rice,High
82.9659224909822,43.944395092529184,35.36266999256023,24.488389854299736,79.9602424778867,6.457590090345761,60.610944101581815,maize,Low
119.85348059479472,31.33183114461965,50.718917288954046,30.06477913231724,59.38191182990049,6.561584130948947,62.36155131803848,cotton,Low
106.86530039805754,40.991073228240715,51.7752711107232,21.406677492332832,85.085528536107,6.175123593200276,242.88229766856577,rice,Medium
57.294012654621596,51.70398166604669,64.30107294094769,21.37870184862711,63.089808512836655,6.3121251819904645,80.98238748876066,groundnut,Medium
87.62064642695775,65.93668266784361,33.32682579887999,22.90427706753046,54.63064182004748,6.487591231259387,161.07620605545378,maize,Medium
51.60099724101417,47.324755107022725,46.530351338612206,21.575664376284816,58.68388374563064,6.596725760435185,68.57069065270736,groundnut,Low
33.060560851106644,65.4621080384259,52.09254282185934,28.44360637908597,44.77899010854846,5.8160853312328005,69.29243651057774,groundnut,Low
102.9253747604219,40.90061517334892,26.432615980749684,16.602583292645512,63.793298307466436,6.619336209536151,88.15131085979019,wheat,Low
39.46363533439729,56.59032534373239,61.3308173933444,25.58361079716339,42.18590780034219,6.728386855725199,89.05283247445395,groundnut,Low
122.85737582634933,58.29566315779307,16.377061166145303,21.40749698421391,65.14971115661257,6.748150201329267,84.75558054612235,cotton,Medium
52.119058845521415,30.620614617758246,21.566006244774705,26.983343382342785,55.04542020592881,7.261070866959763,48.73867600409796,millet,Low
106.40759179376214,29.08462963416002,37.709174498645325,26.35921863598745,63.52362971768425,6.84367579766561,15.009091295717795,maize,Medium
135.8072247409136,55.00671990807634,69.91743733030515,26.62685349388927,91.02715716637496,5.998278642256294,230.5520194192981,sugarcane,Medium
104.0233208751595,34.64028343822472,57.34723772126471,16.490033354621893,64.89465972901813,6.579406431267597,66.49059152532364,cotton,Low
115.43153487135221,56.020220542025456,42.97990171019059,20.667461474363417,56.025991177152896,6.827228907699448,70.82839904988619,wheat,Low
117.05020491869992,41.240583954545144,38.16271401080904,27.048691502278103,48.57252580662994,7.456257438379983,94.28060525590598,cotton,Low
49.182352104333276,49.21351426947204,19.554118175192507,22.888021405095973,53.72346405917982,6.4979138478414,120.20808214868082,groundnut,Medium
71.24332556167693,51.71066229543134,29.347434492444044,25.965505570068313,58.74913843506443,6.263855323277868,130.74069143241576,soybean,Low
89.58727642424046,66.26701916003694,64.93511057457444,27.54080031970915,78.80379496202853,5.051095114687341,173.2033265715885,rice,High
69.79310565705455,33.340631537872184,59.404966895333104,32.04016174257987,82.81921198649643,6.2738721223459635,205.38713794751564,rice,Medium
43.679153983264115,46.53638256060702,51.569532940250554,25.399238519561674,75.91107711003883,6.493688165439824,75.26658588537049,groundnut,Medium
41.873014152932186,50.609504564082656,51.232573757009675,23.413079191508956,55.304334320189724,6.089806940526235,122.34544227036815,groundnut,Low
59.205280312557036,78.49748633798704,44.72698153598907,23.03253644602104,56.689519051024824,6.418672693664785,92.81591704564102,groundnut,Low
68.12374397999118,57.11455246766348,56.60815187150045,31.255089028782074,46.68618188652748,6.785121921981945,133.53101407311638,soybean,Low
63.79171197131968,60.45701406863391,61.77836958587151,24.740377513146928,43.40032255283758,6.0250344846254755,137.80445119157383,groundnut,Low
99.20276959095625,32.72648921761913,41.91148155091986,31.182629510302135,84.61794201804419,6.248012530687305,221.520139126728,rice,Medium
129.43880785796193,50.044348062174166,52.137556424900275,23.86247230125086,60.954026365904504,7.392665360985039,63.527310323584985,wheat,Medium
17.63158252914306,55.20212779685439,53.80539180178038,23.996174988621487,55.50671554459659,6.291556122941283,89.60780083107655,groundnut,Low
49.9950319417356,33.91875619035666,26.603051116821,22.558603700101905,52.98643654862707,6.753593232391208,29.952220366209655,millet,Low
72.70666811159103,52.331270187044126,42.14018613669537,25.14605165470463,68.70768284532974,6.354700327098868,121.69542948132259,soybean,Low
91.13932901874131,53.91218902031667,50.786987432167884,24.25984027588987,83.43642700321226,6.38880090836771,239.98740441211734,rice,Medium
103.37896175871325,58.312673061402315,24.76803404143961,13.4565890724577,67.5727456907139,6.807360652313375,133.87332679118103,wheat,Medium
146.0282433768295,53.93714719277452,68.21657824859871,29.42285500726486,74.96731674207884,6.761517327255241,162.12606216315223,sugarcane,Medium
67.80841193765805,54.525801493221266,38.07879681040261,25.686547624287723,75.81565844318767,6.831689434254844,84.90984501006116,soybean,Medium
71.37367164232197,33.94154978149298,60.83801110393732,23.426389782999706,68.53300054251373,6.233786453196529,72.36796820817497,soybean,Low
98.07444118574449,57.87008804771763,40.620567245485375,26.171039374691254,83.61155367317954,6.403134302515849,281.13873705650127,rice,Medium
129.87329953307102,40.015264341801725,33.398616604761536,17.332575309665202,81.37489756575647,6.638769604373987,73.1266495302362,wheat,Low
96.41791351382703,71.67306941404354,77.0028626678401,19.605075761685335,62.65236071317458,5.598286058871,70.05716116692895,maize,Low
49.31400093420987,74.51437681363522,51.52094616369982,26.643598756659248,52.60284785241575,6.475733614472067,101.31560074950302,groundnut,Low
99.20068014046106,17.905194462150313,23.988293107137263,21.147139850716584,73.5674568075268,5.890698710649766,84.50157403719676,maize,Medium
132.39504656664806,38.07843832482475,57.42032679511598,27.29830659863922,53.4312543145845,6.661202564631627,90.24213359366374,cotton,Medium
88.18577777088328,50.03438932688433,34.3500938663748,25.597948499981246,82.08812916837518,6.459312173537544,188.60406747671038,rice,High
47.79601118461821,66.37847193788019,41.517879844224794,23.953674216979394,64.42549485719172,6.065618906568586,29.833778465859524,soybean,Low
66.0014971774172,22.468047647679644,12.140901446123607,30.92016824309875,58.50525642322233,6.960338883540037,67.32654967082155,millet,Low
73.30482787007324,67.27484632195547,52.564912521589264,24.567965424668497,55.227010448132404,6.680088764512916,30.560754251822438,groundnut,Low
27.12286163241037,53.81527442261495,49.66624564146755,23.438213256285927,69.10625155911663,6.17427882167575,97.73540462855127,groundnut,Medium
108.30262258315874,33.33672294384194,38.149724450876064,29.713423726114222,49.2121070206416,6.5115751883569075,111.6665313299603,cotton,Medium
97.20947000583627,41.83407142683143,52.37933566837654,20.865491058290786,82.27138076161415,5.946452441943708,150.44477372254045,maize,High
50.00165653150431,65.490038462758,84.07547497769495,22.60330330572061,73.22783207352089,7.052953098275976,114.59579421674233,soybean,Medium
98.68847006834228,56.57983553065398,51.39513485637386,21.028415365787907,58.24046849125203,6.763262094266018,52.524600988539966,wheat,Low
79.16450024711713,61.12878479363072,48.30631616667397,32.76816915216715,66.15748904420029,7.0599613764678235,127.28578250985265,soybean,Low
26.737510106762006,14.498310555994607,35.73376983504786,29.294241350839382,53.230793228876756,6.033877706618277,51.36497649937745,millet,Medium
60.50327395227364,39.36397693822234,32.3206379252757,24.61747606327254,61.44858804452087,6.497765146412727,65.5126087646626,soybean,Low
136.60741744245007,54.09967599523839,73.11550933076002,27.065726747960426,75.70332958974265,6.64676354739929,175.92290765791378,sugarcane,High
44.31879431869,56.79370121213654,51.55501356261989,30.757037519302276,67.64750448142648,6.4221813340630804,138.5896021844391,groundnut,Low
134.63917577690043,52.44736099682897,62.7655185675316,23.77995665418201,79.96555638685774,6.425524665841672,152.80982654825127,sugarcane,High
107.3352570634363,39.95623574672496,51.62357111198193,25.441760275283137,61.01608826488518,5.8875898899410775,93.79046232704894,maize,Medium
89.31620975466754,47.9200733918723,42.10516730572404,31.539910988143,75.57949140204309,5.9232367720475025,158.97899316301044,rice,Medium
53.9146829770495,52.434657710481844,59.47352990235047,21.26196451378922,61.63323097596822,7.071073636359924,85.43203845464181,groundnut,Medium
68.23236464922661,44.85493262584735,29.971278667042572,25.4326388276689,87.52990067154676,6.804461972098939,214.89803518489862,rice,High
41.60159130147052,52.77033267880266,49.27177480157695,19.40248073438969,65.22775152350728,6.2427384011195555,139.3710747640255,soybean,Low
69.16659143169036,41.40540623974872,31.123897488205994,23.59495393432165,71.57231053846569,6.3354173960934075,77.724243144864,soybean,Low
38.492287149711416,32.34768633974779,20.352955869126944,28.555150586217792,53.14236775228768,7.083525109246355,59.841428250932594,millet,Medium
49.28080781813555,38.93989809613673,51.67002154079145,29.70560181612798,61.646929651288765,6.439433572805429,72.88235051376117,soybean,Low
103.55631760041193,46.022823544621964,38.77599936454548,28.172917074004204,57.15223724112029,5.883091364781101,94.12644187094256,maize,Medium
23.13217480579157,60.97349500102204,44.80699036340434,26.430769476438478,53.495007249228905,6.456186790293943,110.55277118207033,groundnut,Medium
108.94575683392284,66.39115809138771,65.17540580263558,28.932294024818592,80.9476441243577,7.234576096452217,140.53431670769328,sugarcane,Medium
86.66138757657514,61.463606698853035,50.51256151035753,22.734354172686555,72.88359748492175,6.617784189590451,111.72886481242242,wheat,Medium
130.8007640871853,62.53723563800446,51.83069320409784,30.10856488322205,86.21868661177427,6.9267268865857465,205.70490484833834,sugarcane,Medium
70.94870946246303,40.86373676229271,29.4608409661184,13.929193290901274,66.78522443798158,7.0720920833670515,103.79714929555385,wheat,Low
111.00052007340085,43.12418840602764,51.76074561782159,25.936136983415814,93.79431722806498,7.00328763264684,164.95349631772396,sugarcane,Medium
88.31722778382016,44.34297124876632,40.43074259515881,26.65327483806098,51.75111714381278,6.254100055083468,82.41887296097,cotton,Medium
136.0697747768528,45.1476153825822,54.06509794736439,21.530663868984902,52.02994103463685,6.745228221360021,104.52874288925882,cotton,Low
61.97284095117235,52.895443788148235,64.52388619929863,27.95396739441283,71.27058724597327,6.727611814903904,133.78884816336426,soybean,Medium
91.01783265791104,55.23328410146664,50.8167938075337,31.619893328652637,88.4802883942879,6.712406544694045,202.10712417364996,rice,Medium
69.10234947752593,68.90746209093965,69.9466817762035,29.501587950077283,56.075234064772545,6.260628819883363,104.42301026710732,groundnut,Low
88.6539645856916,62.281406585393675,36.88329237528876,27.92816827960263,89.97491518079458,6.4836015030354055,227.8608467880588,rice,High
82.43730253488492,44.02172792278025,49.172117802460036,28.040648316351348,89.15504507486784,6.327860730367591,148.85649663973933,rice,Medium
83.617876098569,46.955887069491425,35.858023534602445,17.352118438949304,72.4998199400554,7.3246773797090645,130.876659863188,wheat,Low
112.51038721479308,56.23228620098305,62.9741553828219,24.908610058244175,76.74649225577477,7.05523434273072,165.754443786763,sugarcane,Medium
45.124117415134805,20.733179743901495,13.346963027982756,30.574594975175387,43.632719572202056,6.593882849192227,53.37671468288357,millet,Low
61.24557299719955,60.065417378853546,60.78015350090635,23.88871685659099,58.264925197717254,6.596903262648114,99.45177715154396,soybean,Medium
75.65345434772986,50.66887533456453,62.80939234243158,31.41304432936023,80.85457724963621,5.682690816851535,248.79031768592728,rice,Medium
111.52682500560991,43.67617040718427,51.11153105538708,23.906587439148158,47.57387329075203,6.992284699629986,100.24143825370604,cotton,Medium
85.91480000096303,49.61549155183416,30.828330196027373,21.270930634775,74.07600030012898,5.760801686253132,81.49673915440877,maize,Low
58.78742735912148,44.00323788618043,33.68502572179095,11.285306300025084,48.03439877891947,6.9830746344214205,74.82837055357061,wheat,Low
119.19898316991716,53.653321368023946,32.94380065617743,26.847455002879073,48.902932411887214,7.067620293901385,144.6493793920974,cotton,Medium
109.1324508143361,53.53345632533975,51.36764801753327,28.58021910156915,55.47753504463789,6.644876522856026,82.6545729860054,cotton,Low
139.48874199463296,40.08554096724238,32.771072724571184,26.33752138224321,79.675440607326,6.811151441759601,120.1438714512872,sugarcane,Medium
132.77642342554168,41.75941588396046,59.486619913733826,20.193001880356444,69.30747965773162,7.75774476023298,107.89335602927102,wheat,Medium
30.715167957284763,69.46504852662537,67.33063256410189,32.353190009025695,50.203544478199284,6.002091312827322,115.62216081914826,groundnut,Low
71.42870002492549,38.811545081816156,17.5706730660606,25.50275198725757,60.141405821785796,6.789574537695156,148.1606788708542,maize,Medium
91.27977213847537,35.30081134030888,35.03466712132122,24.207469415925075,90.53421917019105,6.591543220312718,289.5559865519032,rice,High
93.90339046986593,40.510748970975754,57.191246682762674,26.95619913435015,55.31323487691322,6.4804904064544395,105.29452550988859,maize,Low
106.53547483163413,43.671331260324564,44.9387204156733,26.837664469663917,76.58897555126057,6.180853278017255,81.0746334762743,maize,Medium
38.30318282617428,29.01915988762207,25.148661069455052,34.13692318510077,43.97159172491896,7.078877390104092,40.49957230122972,millet,Low
29.096659251929317,72.542490984387,69.5786083621964,28.761188483763455,68.5428534183552,5.787628946994942,61.330422534336265,groundnut,Low
112.92454186746916,51.668724783841014,21.076042213708035,21.317701273071926,60.48842009553405,6.8312572251878585,69.59456888645087,wheat,Low
22.990804960482937,60.96462046516386,81.4397177830931,28.150638604458354,44.863320595320594,7.108256748985069,86.46038951764154,groundnut,Medium
134.49692311244746,35.13232767795901,67.75584195762991,28.7461321326642,81.65390667895461,5.5898031913564195,194.66190639804753,sugarcane,High
48.47870685962095,78.17097119977065,26.69843029351042,23.767269899133286,53.393847236254736,6.407187966006589,124.27747034779804,groundnut,Medium
119.70356784884848,31.786715174965806,34.06641591824683,31.065888330034426,56.68967519379565,7.2843728714433045,71.51174608335033,cotton,Low
78.55111265186224,23.341414792025773,25.469490745402048,20.991784156635884,85.26016115427961,6.428239467437264,193.49504964216612,rice,High
51.19559862738058,59.57619768486125,45.36298503137129,26.333202419586897,46.114128504418986,6.212750186481524,151.04471463324427,groundnut,Low
113.65729887589816,37.78502966914782,61.278064817030234,26.978887130238295,83.61692156476926,6.537037266850743,204.52083890469947,sugarcane,High
55.45437268579387,48.45335463506167,72.46057549179005,23.054930889032498,51.65773231562018,6.45407318414063,135.8055236065423,soybean,Low
77.94450675278769,40.13822205894385,60.63108476143478,20.14683889178246,79.80703320403173,6.208367587631316,114.74336532683206,maize,Medium
92.39784587996101,32.6678983088885,60.18849409037641,25.61438746568321,70.70890572701417,6.237137960456446,198.05100369036154,rice,Medium
55.85095646163517,77.23307215418419,65.77893487427475,27.33167851712866,69.76932600003269,5.845085394627654,86.98747354441689,groundnut,Medium
28.172567993811235,29.361195989238816,19.21811415872586,27.321037457524515,43.55891516472119,6.547967370967121,69.85430838922802,millet,Low
129.93605593534187,65.31297105711343,77.4648160527143,25.987821417616225,71.20174591573523,6.822506364353273,172.13620344295455,sugarcane,Medium
58.22598408387458,82.81066547524422,35.94127481550616,24.647646520719604,76.69011280646465,6.983554155452988,57.626702866493495,groundnut,Low
143.60176400013142,59.87020320031479,59.16177758179629,25.30219068725907,70.14789521406516,6.240065669014281,174.62747565505757,sugarcane,Medium
102.96024684515072,42.038766113366144,45.45089831203039,20.376721822369944,74.47290232585102,6.106806429570863,74.50837235566911,maize,Low
96.71429300300466,32.501984578786214,36.784562121922065,25.640283725326448,57.65897866579188,7.081562091776539,36.11236028238431,cotton,Low
63.03897786714111,29.324469237357278,55.27004509318791,23.49631297766964,56.83407831833361,6.153307906666513,75.94641741766283,soybean,Low
103.86628810214125,35.09887309422051,44.01011700693877,18.216110583851233,63.302328240790786,6.830992207407545,66.20203849944411,wheat,Low
87.51291572794452,64.36601632697425,35.30890391882045,25.70482013145835,76.6910456896467,5.302875800241859,110.00109553782634,maize,High
42.556644980820444,68.72244628493922,61.64971511815298,24.834766277033676,61.781728500807716,6.27876291212331,125.7379914631498,groundnut,Medium
70.5832284719398,56.86630045100387,37.95879427090125,29.343573298454093,62.767153149120425,6.32928541163063,112.34347077450396,soybean,Low
75.54361610684083,33.51418902125948,49.12545457859863,24.92069406263274,74.04371388350776,6.304112202633155,203.46139355506895,rice,Medium
68.64545651720265,47.95690103844913,36.81274527656674,26.265653231159703,62.555115086769575,6.539736069052647,108.2739744094054,wheat,Medium
141.2490758941726,34.75747658352336,56.971758216109315,30.080215647488064,83.81099281574926,6.3521345262848845,198.22780069924636,sugarcane,Medium
89.40667269215018,53.178008368471495,45.339820513565535,26.81473651158612,74.33950854507815,6.621261141333162,176.7577383836695,rice,Medium
85.61125973473096,38.260940743274276,46.46691605456479,26.590311840569637,67.87549528903764,6.043309142539148,11.372531762739058,maize,Low
96.31960320693753,44.716704357790356,38.652019029562474,19.544441511900203,51.604204114642556,6.546665590588447,137.8254855999793,maize,Low
150.0,61.948915610506035,30.10606310218248,26.329713722443614,77.18799459646134,6.376423029684214,136.96766948021693,sugarcane,High
121.52631098833353,45.832372532505886,57.43930571251053,16.1674270805848,69.03586605106413,6.328216134196888,50.92414233571866,wheat,Low
61.47656435886876,52.288201559773015,55.21048613434263,28.806341765241527,53.907519529752015,6.457762816284529,85.5018143858125,soybean,Medium
87.73612472103754,49.44885405511807,44.80117908212976,27.26971487727249,63.43052820732651,6.6823210980449925,101.31486398381284,maize,Medium
84.01258107549009,35.28158795581372,50.41045621445691,28.678714266002263,63.943470581817216,6.839940867193024,50.76711837283828,cotton,Low
79.12062428572403,70.44922493670941,38.61868367292113,18.25355542744598,59.29132264074259,6.517690606761854,44.48099305494959,wheat,Low
84.80452824044787,48.58299034490902,47.73815768289405,23.708755873938145,75.94551218998862,7.149544564928857,137.03430891587675,soybean,Medium
93.37027088627829,56.19108998247708,27.979611204803618,28.167144073483314,79.7630010874494,6.040145525754159,289.0785540493362,rice,Medium
134.0046367469134,75.14288757218509,34.51167508945379,27.415840134767915,83.91569029988833,6.40983920444637,232.1908241498063,sugarcane,Medium
122.07400086098488,66.28500401426108,60.58876507747976,26.099231453518563,39.750107039284956,7.784275890406306,77.7906678118401,cotton,Low
75.9156278877537,58.418630796583805,50.70324727430863,23.082351577639834,46.454056157180005,6.574500983960506,127.86485902165921,soybean,Medium
100.54927352977488,31.190057606547832,32.642021557511754,25.274492465463428,59.83285964351235,7.038525084089955,39.570702748861386,cotton,Low
54.945826384645144,82.29109051979599,54.27663101166422,35.42126873030671,58.80331747746099,5.904735542265817,115.96819749787281,groundnut,Low
121.29792203098378,45.61816864162144,34.914084173919704,27.942224944573812,60.410010437856,6.126644173325539,131.83768775536353,maize,Medium
98.29779031176788,52.65870168349053,54.81702296853754,21.418666608076407,61.90110428357751,7.368201714908425,62.534489370554695,wheat,Low
46.51205855927971,68.25057424983693,56.72434340800082,29.307220182804645,55.5357546774572,5.978082490551663,72.31192565268965,soybean,Low
87.91468907733834,48.80740574037086,43.10477770179931,29.66747808272538,53.1877802209373,7.70338920439268,69.2393075299821,cotton,Low
139.05599524285333,62.536944362802984,40.06554713779293,25.740811536272403,70.60446561498651,6.06318605199607,195.0083913151552,sugarcane,High
95.19601985990099,62.87662361009587,67.9139826963819,22.540805930683423,69.82028292469492,6.982147822313796,89.53934555407847,soybean,Medium
92.86306833992649,40.0866560994255,31.75583080360603,20.61223993376521,72.59050477177296,6.74338969865322,93.26725061160955,wheat,Low
115.13894621888073,54.229554460567435,41.11645173459618,27.1920185359941,79.21244703696787,7.0116087069539255,179.85293296130953,sugarcane,High
124.7545047865403,50.142565214213505,49.63903475886231,23.75073201677045,73.1910554072307,7.280947965147489,82.46797070211906,maize,Medium
79.22389101646203,55.7390925233333,41.46060386049567,21.79218418460092,92.49746045912164,5.922837920881637,170.2454705843486,rice,High
56.43279176777369,50.06971361036231,62.10924094073663,22.99555242544979,72.74995696933802,6.076619804231585,103.26334875228041,soybean,Medium
100.44506427209116,29.347069748474368,40.699157093845336,19.401948087228796,58.97127461522372,6.6491149657878434,129.1733199375403,maize,Low
41.876659355808705,23.56384767652174,23.35146739094304,24.926530378803673,42.042266521925654,6.274204083749199,96.5725052488365,millet,Medium
67.64320293918948,35.20952377849167,29.809608978557836,31.211212011853014,42.60850082384136,6.522226664404648,87.77600207239153,millet,Low
134.5581746705428,22.823741835346876,34.572810631366735,27.483875922203584,66.50535360916561,6.905008745731915,84.13100125162313,cotton,Low
49.86432704761961,63.32916096174108,42.85797201109785,25.481833906465504,64.85466494875637,6.233352289002111,198.14564201467311,soybean,Medium
77.29809422897392,26.821833303769623,39.641820575195744,25.329611644022446,86.28400296455256,6.170868434937251,238.9295049829418,rice,High
78.9670508611535,59.83311810252525,58.095721447131226,26.508082472108235,73.51771301857012,5.838436943414084,215.550957546052,rice,Medium
38.28439847882467,38.08384846408421,56.88120550025578,27.452457341968575,52.056714833679564,6.355363079972261,47.86267797669284,soybean,Low
107.66188132791392,62.366967027488684,32.10598535377436,18.046855001848808,72.21821739029318,7.407713569456707,67.30609549632699,wheat,Low
91.86711703068917,33.20875442929113,49.09194712811524,30.965826380497525,51.950898426612646,7.460600138620864,95.09283101360491,cotton,Low
40.90257908760152,68.58886648851123,42.53881174893401,22.703040144263866,62.742723712100286,6.6615552378962475,54.30705350191392,soybean,Low
29.866472071131756,68.48984648646434,59.49889223560931,25.837236191407555,49.62469909382414,6.697404268133839,111.7704387965866,groundnut,Low
109.60814402612161,51.47693841987417,38.64246336981112,19.04012993281476,85.09245241267539,6.787087755580211,43.99805638735618,wheat,Low
79.9078683420268,51.081560759484056,47.00392438630085,25.255913545142363,55.58143166984183,6.835133471009777,97.2425496281148,soybean,Low
129.8359142205987,60.27811463767394,80.11708101412889,27.588032798613263,68.98106958240238,6.636462740199153,143.4366714279065,sugarcane,Medium
61.1861078694392,59.13531184712932,76.30124398460973,22.43167704203071,65.72066782032086,6.5920723224916875,115.06167732037632,soybean,High
86.38848987074603,56.43696679869612,57.4065726590905,25.438522644004827,73.8315295565636,6.036384290044542,79.22947677298617,maize,Low
146.23805513024365,47.07822559196229,57.97994838915371,29.03506284786125,75.22250172308203,6.833149959694215,217.6386694045745,sugarcane,High
82.60315766400342,62.32358404162577,29.921917268648926,26.07616526162723,70.48196106281407,5.924108890374331,219.4464901562305,rice,High
126.08277027779997,46.14508680658506,61.990684521750424,20.746170826680483,60.60367780323572,6.545776863438238,87.08085210511884,wheat,Medium
102.18754705323076,57.02359323819606,46.178603152916466,16.177583137139077,61.76510405847982,6.2269314841041385,72.84302160612289,wheat,Low
133.56812734523302,51.9447041678334,46.68468758516363,24.420647804077888,85.52240871731841,5.961205179624793,153.2302770092164,sugarcane,Medium
54.238859527793636,54.434587543462705,71.02125540722349,23.16888370570977,55.95986183403859,6.560904937865751,85.9018505811121,groundnut,Medium
87.61846974281954,55.54248487203573,48.05525477555811,29.751511244617177,51.518014423958654,7.010000919316725,44.775981330199016,cotton,Low
88.99232564925967,36.410880130670975,53.18462478855144,23.64870300324081,77.85675368610245,5.867271116707823,183.3523233807503,rice,High
105.77921426584378,33.02327247222705,40.39234473657178,27.25519466266605,90.40959155767858,5.598767879296073,246.01800370144556,rice,High
96.13364559005056,62.58636970250434,44.64940312975218,23.482112597127497,73.1094171190424,5.71962884355551,98.09279382441636,maize,Medium
85.08462418058758,43.82073552280073,39.51962861972105,21.526163970704935,59.52959881401744,6.748599684739971,78.53461043544314,maize,Low
112.42088222339964,62.85296600483366,15.106163787804263,19.49728744841325,51.46183334685337,6.474870563865374,85.7403558652951,wheat,Low
24.733883123227535,19.9386209892291,34.92608149783658,29.32635471758239,36.45250011323337,6.592215269320116,53.03785309597406,millet,Low
45.64488936469863,67.27709674069396,60.91131384175663,28.878524171069987,66.06187291367922,6.66519748082104,57.745814638713576,groundnut,Low
128.84072143800557,83.49359539940791,51.80477872421777,27.346395285417493,67.04630892861212,6.731818513375818,195.93012333323315,sugarcane,Medium
38.52953393080318,59.027151107903705,60.57116491882952,24.25319881247367,56.30419521622973,6.783701350579616,107.65167374638577,groundnut,Low
116.7727225152187,47.90541256909152,78.5760986498243,29.931671957205925,84.55522700164983,6.365420938067264,198.2855823824343,sugarcane,Medium
146.54038069111567,57.13395759646521,53.64278752892351,25.254430092944716,72.47908661125389,6.346912652131081,128.29924542906664,sugarcane,Medium
55.0284392450569,12.622502696677579,27.553398372241745,27.30514542003434,50.03308238606227,6.790160624588649,29.531158837287602,millet,Low
16.427662186355903,40.25385305849584,50.30478742110951,24.63301250595902,65.89618284445051,6.769639251536316,83.9545521867755,groundnut,Medium
70.10188313590834,66.49642322354595,50.56544326173108,23.838648179260588,62.309519636394846,7.078853919377938,104.79540227858142,soybean,Low
136.3394292578885,30.834102924627068,61.41996262677843,29.352021970395413,84.80861168920059,6.652560595288139,195.055004101038,sugarcane,Medium
101.58725200550626,59.99815317524218,60.39353962606776,23.253079034157974,70.51303597160533,6.425735473252572,90.5175111663108,maize,Medium
29.992606749005102,60.39867886220351,59.30483372795939,25.22312349569746,47.504971426204555,5.941379934517017,78.30190694166882,groundnut,Medium
50.731969138362054,18.11162988556521,23.4651248181145,25.915884022721407,45.55000045410858,6.156033270685462,23.54931312626797,millet,Low
93.86325586084146,44.106649010805995,21.9747454164115,25.516142865001974,84.42430514088723,6.269831125132736,295.4474360484212,rice,High
102.22043003773136,60.62036794916651,47.72971782469904,31.36506742716376,56.832758653171034,7.007524942564862,71.92080835743788,cotton,Low
121.8075084367297,38.02644386360415,68.67596321549188,28.77971390357099,80.52459937511152,6.69869206899439,184.22129916647526,sugarcane,High
96.35951878262077,27.319877945804684,34.542463391467685,22.67636755349068,52.756308722052985,6.65092976641921,130.74105327781996,wheat,Low
117.55298063794905,51.611557966973514,40.955174348512436,20.644222586770713,70.76908290036465,7.342177120442198,67.09314748590688,wheat,Low
38.828364848308155,53.6716399473587,73.51465726646941,29.900529580439418,41.56114261922969,6.182284682737806,120.92179733795562,groundnut,Low
69.73388450687968,29.130504519077157,50.7823927406219,22.744548420326606,77.04753682012627,6.697871832294715,337.963777012349,rice,High
26.636624874666293,13.707615277589376,49.094583490587524,26.271103481765895,56.12833980044756,6.373051452884018,37.22434126047574,millet,Low
27.704858420338176,58.44520764881511,39.897043509991335,27.23883516980618,57.31509458869739,6.404553188595758,136.7916778013311,soybean,Low
110.55772108473576,39.07415955762174,42.07165977394639,24.388104020111456,48.95408715581202,6.546386802418735,45.10954554375751,maize,Low
71.4051611439071,37.36943369755868,56.93158592025148,21.733503350598152,67.18410676325058,6.035666305675941,143.4083243916094,maize,Medium
149.45946300888318,54.04748631975625,62.573559209610615,26.56833848912769,84.82714665581624,6.5681977720469575,167.6221605791457,sugarcane,High
104.76179891875263,46.00567514740987,38.87935769320062,16.3333596615394,66.63511225282382,6.6417277152974945,59.94626184809778,wheat,Low
78.42172940671392,68.51116396760868,44.858858782933076,27.320025083934127,61.612980078114106,6.483357001851842,72.22991819095546,soybean,Low
46.63453234203011,38.531458149044134,46.02388616079358,24.225951860605168,71.10372467178694,6.962492943705022,74.17981001944544,groundnut,Low
105.54710295854073,79.98116580465793,42.26393127828339,26.079652804976114,51.778581826633214,6.16696824806005,73.41879259064868,maize,Low
138.27520348383953,77.76266497446497,79.62008598877702,25.32268472495883,73.91454702518583,6.8125198557963795,203.8697654738951,sugarcane,Medium
71.86730475546338,60.48124933240551,9.969181406370843,24.21145280151888,76.78990062460934,6.948022655159913,35.4150029683593,soybean,High
120.18940729973524,31.478360717951414,24.623676811115175,24.38825905310086,56.802053455868794,6.780372365907978,95.7340158357223,cotton,Medium
85.07072286376523,52.23824917298812,38.47063197462969,22.431764321398017,91.85603771953578,6.455356770243354,183.97517061408524,rice,High
94.78753672809547,44.067710724019136,47.21271796640632,22.729393901795493,44.84813938196401,6.836100600803365,57.778507549108134,cotton,Low
47.24808296902912,37.16152532796977,47.48925539244523,32.6598295976985,50.76285998714807,6.0855275467640535,66.6522551789995,millet,Low
72.26529469581831,52.19450358880339,55.67858250809106,29.08088497884973,57.91223934020697,6.534078371988315,125.11579802517473,soybean,Medium
116.55816014974387,55.70201295794458,39.971153908973754,18.588394377071722,57.767453682112,6.903190392488472,51.27598687366312,wheat,Low
68.9052380449225,44.00273312845566,26.943355511627974,24.164692727284145,81.77777921770952,5.923031608050458,202.8279110193096,rice,High
108.02226004518866,64.74776602986874,32.35230703565446,19.225821923105304,62.53753223088893,6.4453276310866165,69.03535503881923,wheat,Low
120.54651889530342,36.15429945558435,71.65613141449778,28.192162988264975,72.29937258512611,6.6188959046023585,137.36383766174384,sugarcane,Medium
120.88540689222157,51.46213356958945,54.04100968105311,22.451650074385697,84.99644983863212,6.228152111437747,16.785551801982493,maize,Medium
95.42454037571451,37.25856294473851,49.336747266100964,28.437577467182592,90.13744017142494,6.6014131591568095,217.11959513678664,rice,High
133.88037347864125,32.94714436816122,32.68159047457047,35.03687248568932,43.79943012478609,6.4278158059071675,77.40468788992582,cotton,Low
98.33268969513372,33.97576186216687,39.99159823673899,32.169630694488625,75.21466938804451,5.829447548007384,238.94528307245818,rice,Medium
88.02791106492498,54.91256605729808,39.75882915314139,25.929343547377286,80.95387445258298,6.0521892284666565,229.01231688163767,rice,Medium
90.88968350181683,49.07334745732345,45.11012390355795,20.522203446388648,66.66242005882651,6.587132574749124,57.68436632119344,wheat,Low
92.49678312319584,50.90941516809779,48.470023726893814,25.8516088710427,86.04891695299962,6.352963898473621,175.09111913750806,rice,High
137.2862072118319,80.28328218715822,70.66136316430266,26.29156276816672,83.02906331759662,6.482322093643084,174.49672627900068,sugarcane,High
102.60965323483086,37.16851224837131,39.64579880142264,25.87952614806697,73.41534938729171,5.927579337010048,225.12417659643157,rice,Low
24.08160730010887,31.20810603718721,37.39230850497206,30.29913913581184,47.505905992005694,5.372458991060255,61.318622171578006,millet,Low
31.205724256717723,67.50571200364861,35.74234826922324,29.133158155629737,87.4312838240657,5.8753053231019505,92.8788078610119,groundnut,Medium
88.5652892394137,61.57723873162935,60.599848467145605,28.339689873754104,64.32112590147888,5.779556293443462,87.11095064417474,maize,Medium
149.85011383734906,54.60318398365879,62.65010124348423,28.777975498367287,88.38310771096775,6.371002577415548,198.8982815264286,sugarcane,High
48.56924579746445,40.54256850537334,45.99689430769916,29.903389556535718,55.76177398375425,5.6815208978661795,72.74154691640238,groundnut,Low
123.23889584045872,30.9795279792936,52.184550420201816,25.356638347389953,87.74117526535083,6.161814342887921,161.5304505827788,sugarcane,Medium
107.92569943387264,26.721757142594704,38.29293783274094,29.220895249579314,75.84090820353364,5.919951674024331,225.31878696587503,rice,High
131.80760355682827,34.24042428745349,41.34117101191965,33.92223606323507,58.01810607473781,7.313063006648806,75.31931696232799,cotton,Low
93.15295346971598,57.23096321574009,39.652196363640066,21.850279534727683,74.47675548777508,6.643255628373606,115.92682942647848,maize,High
109.20211349767806,50.660035232400496,50.069219674817276,21.83936393697963,58.99476025759532,5.7101989251807055,98.76125914646016,maize,Low
47.59337527181539,52.74689727874272,7.004390808027516,26.103811522454897,40.283862940027916,6.6782271639605595,44.690375591158286,millet,Low
50.060349092579585,53.0987602704732,46.19711541673158,21.754162362463106,57.376249331940755,6.369069023791425,170.09935641146137,soybean,Medium
131.08373701354304,48.254051896783274,42.93529803398483,26.99904256386299,78.20486336004127,6.366943520048865,162.0459014611266,sugarcane,High
115.0911860623691,68.83495907445771,82.80778850066504,26.005938618668182,72.28105497146944,6.14791088223596,192.70484962014405,sugarcane,Medium
86.2037727666684,42.562734460953465,34.09476395030432,31.715985952484907,50.00454036639389,6.0771477709711075,118.2620676737325,maize,Low
60.45350704076004,30.092859221465957,44.660357564154474,27.062119726712513,76.50037400746118,6.036287040307663,75.36144297386821,soybean,Low
54.91192852185175,58.503590349494885,55.34772205388119,22.505563981295527,68.4320547841311,7.0380738621385195,145.60679232787692,soybean,Medium
40.59860041779642,46.28651166004319,45.79756569858506,31.702495445197236,62.72691679398577,6.300917120626202,81.0023615704188,groundnut,Low
86.53700439232847,62.439127959852414,28.936730403321015,23.642041902095052,73.71373238107735,6.4886250020504574,232.15274382419503,rice,High
84.30818372406243,55.6808889885496,43.49136837207382,22.778009994848652,65.15475256649404,6.780047938348753,60.275914511625956,wheat,Medium
115.9775794857158,67.43140094583416,29.004148971118966,16.284761874131817,67.66086008259359,6.710911719689357,113.32820180852673,wheat,Low
112.25203480934304,48.54978117320565,62.37656630332797,28.16953194539667,54.00062723741148,7.357359242859822,74.62009191099548,cotton,Low
100.35215987566669,40.185354337369965,47.689109781725,27.558039542723517,91.19643347801546,6.3606846888395765,215.6495940617257,rice,High
49.62103739073542,60.87954771343259,61.52073049641827,20.50515457202604,83.71997057545958,6.601157118276124,104.68031636329884,soybean,Medium
108.29656152814323,39.32977380816627,45.47136179045348,27.061490580845433,63.247354706935255,7.072409183204358,72.79843004121804,cotton,Medium
120.54551661481277,36.96734501458297,55.06484331351876,18.786200427260177,49.40350625796506,5.912660895979567,81.22876424808814,wheat,Low
82.1591546922144,57.58811071004267,36.54787571348689,26.978399066726354,74.49331854168818,6.126039145422805,256.961080768276,rice,Medium
82.15477222578194,42.66039515966529,58.42358800985054,21.762173620573197,62.70766845987767,6.054184486523562,122.60258390507292,maize,Medium
40.45838182311692,37.925867788148366,28.41089298067996,30.88619164477891,43.4992239992671,6.5697847067524435,87.35302607871944,millet,Low
129.72492900049434,53.59107639586156,58.69660014073989,26.32003255529696,89.71766732399703,6.540440426987061,137.10628472247842,sugarcane,Medium
38.46067532957976,52.419255567269644,61.11281111879414,27.876123534885483,66.22838381139132,6.267633129122353,74.77686858871486,soybean,Low
58.86971638110665,61.17568287977391,54.658016401207306,30.168129132162186,69.6313041901832,6.441049509920873,84.42998964640671,soybean,Medium
88.62851519417765,37.45057956744333,46.37483550770473,30.10976148428784,40.80979894237985,7.013515211135233,0.0,cotton,Low
102.82174098589293,66.04362888267153,44.012955603942565,24.990341371412832,61.48791464566755,6.501708299215354,89.02968752408441,maize,Medium
36.90409802772345,31.708858399537586,23.97470610204363,24.85828694765901,43.13920609251611,6.467338740829462,64.9103688665472,millet,Low
115.10178135447805,61.08553262148418,29.405025156868827,23.83478733998824,83.06092523283638,6.091337955869579,198.13279661650938,rice,High
131.22806790052735,62.10178731263929,48.25580693223338,25.034412976402297,72.92741244964634,6.838695778640278,91.91075416792812,cotton,Medium
85.8940162527347,43.27086911624168,15.565353965728761,16.038304835023272,65.21850703881151,6.167129294661549,88.8157324363891,wheat,Medium
53.13484544842355,49.60791949220849,66.9754518657106,18.992139143595693,53.47751108169514,6.743340493202156,79.97067070631527,groundnut,Low
47.08893017290345,71.250531102941,46.54751533340628,29.938850150751932,56.19922429937755,6.715585229062289,124.35499195387669,soybean,Low
98.60583690079618,47.125976935739004,53.40200530635945,24.552290200141368,69.56405766683613,6.555445901044549,75.48379243615122,wheat,Low
101.3762872667256,53.02688475712013,38.6052514825365,15.843502837173808,70.96004250301824,6.774324729156601,85.13256759708295,wheat,Low
66.95167407174094,55.8722735564252,49.56918442879871,26.207173507084615,64.03585300496646,6.874725726769067,105.2831984932664,soybean,Medium
37.611974326200404,72.15531461603737,52.845641992288954,20.77383817468451,68.60082763047151,6.298516105973441,81.46738713349852,groundnut,High
83.56133369552008,52.06263923724864,25.82250777739503,19.36441426601148,91.20060220777795,6.093339068306234,163.0417139019942,rice,Medium
93.97330261000377,50.34530676897198,42.77882820694538,18.157972577577556,75.82766244533241,6.642790214793115,75.68414110535122,maize,Medium
94.90391060646245,42.37079365429363,54.95286697420187,20.387624236922434,79.89091909575215,6.870574924910113,220.73673516758205,rice,Medium
128.49740846819864,57.57911157732047,54.48310325924353,25.7197069898126,81.0480737463276,6.56789126232354,155.03826934718535,sugarcane,High
81.93795574037168,52.12540651738194,59.59043263090571,27.783458368348178,65.01530348816794,6.970655019446697,108.17181464642009,soybean,Medium
90.7278244191724,35.02859860306755,48.24548190935806,24.04807229263452,79.07724769741182,5.8544036921280735,196.30424303044524,rice,High
81.43860042666141,51.31290166199564,55.94368993897878,9.279035342035076,62.00142354702555,6.147489673815621,64.03640447890069,wheat,Low
137.18271359826602,54.673430411465716,42.843309083635546,26.983278425457087,83.85502134974291,6.51701199465178,200.47337225802556,sugarcane,Medium
105.7948497671734,47.54634534816654,61.06570837978588,10.41131976691709,62.627140327441616,6.3395943665521965,96.03304837291952,wheat,Medium
28.26730819071049,54.473207642885306,40.97222907745,21.28036118131488,51.03931893979572,7.102440635877414,119.72824453633666,groundnut,Low
125.38633915654384,43.3869719254348,66.77397844856996,28.11079772130348,84.49957065776583,6.217167427930858,158.79034838702808,sugarcane,Medium
79.4971245507876,57.11080728616797,7.547300420766696,15.409519185105198,64.75037208848732,6.989052138337362,90.45042180111116,wheat,Low
45.239391585313115,56.74661821965709,66.92802447407534,22.249923033237188,62.445609525998215,6.690328459215519,103.78591345438863,groundnut,Medium
133.40594579716225,54.07333946081889,75.54178253034411,26.310730325983688,74.18245899008379,6.693219476887167,152.7494533615901,sugarcane,Medium
95.50854085523507,35.71510717190612,56.1117012085754,22.85264280699213,52.192293600867046,5.828356714254861,82.89057796640601,maize,Low
49.50277584513039,51.926009125049994,46.55083750128551,21.838207456434333,67.70512260286345,6.140964398097255,56.390973033470836,soybean,Low
60.27936765050716,40.333175868080076,22.52183621630323,29.153228913395235,38.174255054864965,8.93954212551288,46.631339387024596,millet,Medium
50.378316898347315,25.098005782125522,20.470995520734636,29.88855366196539,46.28207429313333,7.495417666963486,52.61512216768486,millet,Low
61.47383357821167,51.32663693466608,57.32404022017803,26.28913136934211,64.38031856135242,6.905415604318604,61.79121656223056,groundnut,Medium
87.14941447497759,40.71065492627487,42.835299818851105,21.177016918645826,83.10844347337435,6.202719937823999,300.9442487691856,rice,High
97.16775956111628,36.71646867528078,37.37204636476166,28.498421839234993,45.802068357056854,6.485468321264735,88.1086427798731,cotton,Low
74.0640970777968,50.13968516649178,42.754268819945416,26.072658370018274,90.47332333249258,6.380948718499893,216.81434435017138,rice,High
85.1980565641279,45.36150060922688,37.37350681421332,22.299884675834843,63.20142884866351,6.020912438440702,80.28595113165827,maize,Medium
72.18602371455731,48.71784852272433,52.605322571185184,23.979528127268395,83.6739649733428,7.058059651109356,186.58611786960972,rice,High
83.41186832236646,49.30443200398037,26.834033985061758,25.383816252953494,60.605141330957,6.417579755177265,86.47017948912071,maize,Medium
117.82895234630513,72.19234569663658,50.117263987878886,14.528650143860187,54.33497316177755,7.064820733903389,51.21219377352677,wheat,Low
32.17066651786155,51.03476695599521,36.910013000778996,28.727862190081083,67.50856853647952,6.346589705819005,108.9238184031955,groundnut,Medium
118.00392624608244,44.442063654975215,35.06288071460797,13.441961773569473,42.342755215115446,7.020696319964368,78.72102853977503,wheat,Low
116.309818589562,51.65612399344829,55.350136040763715,26.63838510982555,73.71201529895404,7.109347613921969,167.4031117251665,sugarcane,Medium
88.3136089093495,52.43883145503237,34.50840100794862,24.279593796629833,52.90493264349429,7.189240624406029,118.98452608251304,wheat,Low
64.59684480974353,51.883031399220286,39.391563509541434,27.58494658696946,70.54814131380326,6.73432691898698,67.3377401772252,soybean,Medium
142.8755984795819,59.382172483631756,63.49540398828307,29.504318073932218,77.26218632019378,6.395940803622617,167.16488159983885,sugarcane,High
150.0,64.10617319006556,69.9953453139005,27.661727062133824,88.07270284432113,6.644452289297392,134.15938089713288,sugarcane,Medium
77.5861466902692,46.0337265965565,32.13433185617272,27.28644950099172,86.15863364357887,6.053188864366671,227.057662211089,rice,Medium
91.16001652858957,44.496336366786984,50.28042976291067,20.643440162440108,65.01060550987526,6.416972417993915,99.88552463470096,wheat,Medium
59.23539816821381,58.94181037141781,46.60999699195012,29.879511764234024,71.6049043954511,6.314713133269693,102.48318711356278,maize,Medium
113.50392621892364,65.40163665956624,39.96566179154995,26.11229870983774,78.31287372614689,6.46672462133358,48.07288594172203,cotton,Medium
98.78623993505968,11.95489116946333,42.5272100715717,21.021471601790008,69.14395821113162,6.678574269893634,90.65511881935089,wheat,Medium
107.89805025508461,44.271071525686395,32.202077374030765,18.258332604776935,59.02461371943866,6.713147570021519,114.75415597398222,wheat,Low
100.24993489216604,42.48823416504766,57.87573657319214,28.60746819316782,87.32374502360045,6.215175134179041,189.46855583285674,rice,High
92.97255829959526,40.894816904775496,56.21022796838807,19.763567664413205,69.95791027762294,6.837191698611764,42.2170777084374,wheat,Low
46.87167869516118,33.094339407539515,15.67545774906867,26.163594980016025,57.88060898551719,7.366719583016483,83.78566906879286,millet,Medium
150.0,76.68230660975814,77.92713772370638,31.354640762084443,67.0501335182333,6.311891644450881,154.14414461432753,sugarcane,Medium
98.6483544458365,48.73500185452243,81.94656970146285,21.454426813404343,90.20124560466715,6.100385584177449,285.79870854005134,rice,High
87.15745239007374,50.42679288839592,47.82767381932277,20.155252270414923,63.73802413414812,7.466140767049412,73.95832949674045,wheat,Low
112.8294662235197,59.29680696607275,37.572751327455265,22.898118251045865,49.12205429221832,7.166351129482557,75.1377128783806,cotton,Low
109.75672601009798,43.583177676107056,19.537741211896865,26.505382928808842,89.90558521364775,6.655951424451619,179.73829738881435,rice,High
113.31255951121089,59.13015985173773,40.721031935381966,14.46189263510215,66.3780350912883,7.411212543755133,106.78827929322634,wheat,Low
85.45281110568422,78.84881059032597,57.80373436995612,25.85645848806416,56.44478090211602,6.098272646246797,101.92667592409097,soybean,Medium
86.086836914275,42.60627850341268,32.51761546853432,24.340368120169657,69.48670103122203,6.70756929603596,127.5961454786329,maize,Medium
63.92106753820816,50.02580539038819,63.51821472422844,22.960099915203923,69.02663019076454,6.328631307999986,107.09751784008935,soybean,Low
48.995880808700406,46.29378034669701,64.2455270288963,24.347841401750486,62.26667773104193,5.617625928034249,131.82470612470297,soybean,Low
81.11165144163274,48.63599973102278,43.27608564123458,26.07273287217658,64.44154529463607,6.281950843870379,104.17086060859377,maize,Medium
83.75876019564541,54.053193188655214,38.458953240052914,27.318694676579906,69.60558955431102,6.162209116499019,107.71760263334505,maize,Medium
79.97864319535427,56.90450819443827,42.9004829196551,28.757229448963304,80.2583527348681,6.328679122478405,230.6956925628761,rice,Medium
108.14051068624252,79.48415918687787,55.14581898429966,27.099183655323174,80.44727430538495,6.671175410035958,118.47744016202746,sugarcane,Medium
111.9676566984365,27.68795874007931,40.545897715969026,15.429444404616602,55.9915683127116,6.584780896603944,83.59148304068769,wheat,Low
103.88494320520014,51.191765779416194,40.31509514063435,24.580345724975388,78.47892135546827,6.226179423125622,97.76964010724427,maize,Medium
14.955773792022107,24.998500186339896,44.48910898987978,31.36549684205306,45.32864691275803,7.266143687419469,25.85548010858895,millet,Low
80.12825266387115,41.355287654680026,28.84954891832142,25.016315850461247,82.93114410315387,5.85314791371564,253.0039305867054,rice,Medium
106.90407437473456,52.33810808324166,27.76365616349372,17.686971621039323,68.1464564000426,6.87250046504082,71.54857290846522,wheat,Low
98.58311928336995,55.03531966428942,29.633404472922805,12.146694407884127,66.14870349204128,7.103884918193668,44.55051936532113,wheat,Low
70.82946432198264,47.062717064452116,18.415415751546067,24.14854485667987,40.784358851480064,7.218733334782522,65.54958482674932,millet,Medium
24.7789740434876,54.93132590914095,47.54167238874338,23.67492968671456,59.833208093647855,6.8286463008948655,58.19590391879732,soybean,Medium
66.33892796684965,35.84273773394357,31.42313307668249,32.759191180786736,36.70046642873339,5.321768601454645,97.07668315004442,millet,Low
57.902261938088195,22.096415028539635,32.595664934979794,24.787050749911494,40.33023483448459,6.33207321204382,61.00942107366923,millet,Low
35.12829760362458,27.070853254097504,21.020704142667654,22.93401943175581,49.35458163812589,6.9714926011955525,77.17326878155149,millet,Low
27.84013666451991,48.73136227557635,54.06510344402418,23.651400469107525,52.31642436812895,6.06210503648353,97.15683341943605,groundnut,Medium
104.45064193866483,49.95337112323798,54.86472191993388,23.075954989318035,86.72250762245471,5.871727072659316,266.34382316029615,rice,High
102.00631097725616,45.87658673654087,80.75161039253707,30.15144090074753,78.11274306784765,6.3344974585859966,226.3024156117436,sugarcane,Medium
88.06664398088677,55.092727254332154,55.35422403712191,23.13612085205368,51.01890792137391,6.990172273010649,100.86925161392227,wheat,Low
42.066376077610556,54.70346996046445,56.20915387481919,25.03243364267883,68.9453483869918,6.309860746514797,61.74708419077629,groundnut,Low
95.67176956186442,40.594957746506864,60.819238910041705,19.27646979972069,74.57797538916182,6.516223599028981,55.70815756923835,wheat,Low
46.28215875522446,27.731304949771506,9.761157083022773,29.31963402930312,50.0797029889004,6.6839070245278585,59.43666183100894,millet,Low
46.755615533718945,32.925923119401176,15.079695148687751,36.9938434760043,59.99539557546595,6.395923224189795,62.50781943613477,millet,Low
97.04617288004665,44.42502706261258,40.53230557018728,14.077890653307108,52.2170229240413,7.0927822010039385,74.24937551165264,wheat,Low
117.74595001679869,25.05938531795206,45.406190228159,30.650820357982507,44.07041329864866,7.034338905888028,52.96466548151782,cotton,Low
68.64534026420714,26.89303755511242,69.11422477246384,19.825043697606198,45.605881034421714,6.307782629757289,66.87362655666776,soybean,Low
50.23545287410482,58.09808222306954,59.953022309971544,23.86146265196851,82.63858136615139,6.801597195433075,209.80091130316578,rice,Medium
105.22762247573107,47.2087961817471,39.125416015433466,31.93181773844039,64.36881577335647,7.41568122056275,48.58586660136412,cotton,Low
118.98634638895713,42.10808454990135,38.378196236457256,33.54598920689965,44.538859351252476,7.526741882885515,86.84150298031254,cotton,Low
134.87877513781515,69.15115790295076,69.4936800522706,25.810654025675664,75.4645894858727,6.572422734911014,134.06289583822905,sugarcane,Medium
119.08429748847678,25.03111369530826,59.46982104859252,24.7086709387927,60.486755441834546,6.217693202529131,88.46837870221236,maize,Low
116.80423957923165,52.90879558639689,61.237410989347644,25.826610822476255,73.49299668225673,6.082405013960877,145.05003647311463,sugarcane,Medium
61.84156860350013,37.93422569779206,23.17405694932091,30.478849431400906,42.39662982901735,5.944537719091503,86.17978819458224,millet,Low
28.791672516692728,67.15210407583344,49.40670160546984,23.921170309558796,64.61248896407196,6.888190556432431,113.46028559683229,groundnut,Medium
73.09248650872269,64.295128179582,53.10164467688305,24.159177938797857,74.922318049082,6.9708463480747485,85.69370618068493,maize,Low
113.70811029852561,32.818869698065576,35.269709865475946,22.665626129188905,83.47902867059203,6.656059615408507,239.9288699398714,rice,Medium
57.70280614769851,23.80768161933926,22.658054199121167,32.61402780727077,44.12276120706033,7.465023720780815,90.67245691465847,millet,Low
32.57789793580655,21.701263167674718,33.25898640184311,30.251241494025933,28.651693168830114,6.672829579481675,49.388392887055815,millet,Low
50.66459357679962,27.371296943704696,29.920753074199624,31.746589375174228,55.11240136405732,7.440496202058746,68.35350201303919,millet,Low
52.25909735204479,52.7229813128838,80.2364917477445,24.106793053356306,70.809020170803,6.620234769855653,166.7436534580766,soybean,Medium
78.06001695128477,49.51607153732249,46.974522094735086,20.046839814814255,68.32058007759268,6.483791046589228,104.9235902550336,soybean,Medium
43.94898231363095,59.96465506400886,42.29370389370406,25.156417963407712,57.927327527354954,6.678117090665754,119.93557999512268,groundnut,Low
113.11233196778272,45.34813488498309,55.082094488264445,27.797660324334455,64.5488940413807,7.260836524635308,71.44237891377128,cotton,Low
108.60616631506619,34.68434700153997,24.540308590437547,19.566751908053334,64.21667802845677,7.155614848911957,146.81086801117203,wheat,Medium
37.183665568036254,37.36243355022226,16.268942204824558,31.00474437182406,53.75333468492105,6.689318813779262,96.40069625534879,millet,Low
49.2570822958001,57.29634704933933,61.30676021081403,28.283719873661703,74.06273769370316,6.517800832927694,143.15941704479863,soybean,Medium
47.94092434909255,64.5742219057396,33.82358898145965,26.10993764164224,58.56789601636603,6.405538172857109,90.2210288944865,soybean,Low
97.86780194589181,54.06424781506028,52.353489779180286,21.578205496249243,54.9370547527289,7.036168824500585,108.28450631437481,wheat,Medium
128.29262841538784,60.195675136523626,61.967088763121154,23.664669467618275,83.94340096465673,6.20451616246489,149.26574037380917,sugarcane,Medium
88.57522613303367,49.87441845136725,31.389946256666512,26.346082162722382,60.70706158276878,6.200847952368535,99.40244811100807,maize,Medium
90.83587368433042,58.13029822165139,24.690424443422167,30.77955987991819,78.93270594141289,6.149685231960141,180.41580718965676,rice,High
65.08712529311805,43.11223227889529,43.11122343718354,26.59146939558962,52.40105910020277,6.600931989348671,72.98917507014352,soybean,Low
88.70923466305939,42.687939626812586,58.841160142014765,27.76623179296445,59.39659452851555,7.347335254717252,117.72297235667259,cotton,Low
76.09604292632875,44.2856957272584,6.104791919171127,29.800733447559868,77.75398320628732,6.509853621371735,237.75277712584915,rice,High
110.85087366920628,61.60168525100653,53.630023996265244,18.2479533419691,56.23098875701186,6.005188255538921,110.08833667742688,maize,Low
133.06095096026434,56.969324687281386,20.150518895526446,29.854205481790125,57.772216146504,6.288100417998364,54.78917448672135,cotton,Low
101.16119403807399,24.959179380459776,54.750970651496544,28.370287545110948,43.334295089449995,7.048136106931539,120.75324912186025,cotton,Low
71.30868097788199,61.09455814082345,41.55400090316644,20.18309979081164,64.39160873842366,6.847904823270516,87.19212800889562,soybean,Medium
110.71914685954927,25.400704657070264,53.90888877947077,19.830648508767666,66.25578368774747,6.889686561716317,75.33671826090162,wheat,Low
99.46146144842837,48.486412339396416,36.8115349500503,26.84820242984068,78.48191743575127,6.611255567813299,268.3578246812623,sugarcane,High
114.18330942383136,55.762071790386386,41.77763222513001,21.2564278939036,87.37022988445669,6.25871720479422,200.6775579326624,rice,Medium
42.43243207137698,32.048465793054085,19.190259107863632,28.48390591365299,39.12543998149301,7.053260386710313,27.99621426475681,millet,Low
140.00828408956792,66.80483252684277,43.93531552637312,28.377425489109537,81.65842634002023,5.91512294818219,229.66725446751323,sugarcane,Medium
88.28057992325037,35.42232636933628,18.500630685260973,22.698379611062432,81.77724078246555,6.058464681002725,76.98797633799099,maize,Medium
34.92929334532572,50.04112680699707,38.81923169105178,23.901711441177447,30.541901523474127,7.094866062316004,62.88232725559364,millet,Low
89.3186024509536,74.99192386531757,50.170349028180446,21.865613417748886,64.92434496818326,6.708649193629215,87.66925190490481,maize,Low
63.29146624432158,21.883625963572733,25.77751444456181,31.548565960982373,38.0661386347175,6.4389640477508205,63.076953204332824,millet,Low
3.533182540425578,73.05528303922263,61.26269480962101,24.110397952587874,60.771443036228035,6.467930669033475,32.516057594073466,groundnut,Medium
82.45537844172985,48.16184658397272,48.530689548161924,31.24875171261626,90.28872447214292,6.475883122098078,168.30949219577525,rice,Medium
108.25737781238244,63.25579262306942,56.97973077777552,24.824725552868536,76.46553889300898,6.0710718123154646,284.6150275787777,rice,High
39.34836795393217,12.300591843475942,18.02692465071679,29.849809850439794,53.05299705277212,7.177082257095462,48.66047217991442,millet,Low
82.79067274427929,63.76096111045117,52.7325094217115,23.09408039689539,57.29200751587159,6.427556175038196,38.449736060870634,soybean,Low
65.15055524693213,64.06605887758707,36.0254386626786,28.340799253559528,81.5700436332389,6.875745225628629,114.05167114351073,soybean,Medium
114.42837137517864,31.84666018098701,49.855711653041745,28.141896229386184,60.55735299294868,7.328672149556236,69.08712841836142,cotton,Low
45.73075019090711,43.70275844361612,43.542549330374236,31.99814283917837,44.00697300145837,5.955098467317413,35.83615083283922,millet,Low
57.02407739589556,21.055280015547243,28.65283479370443,27.83904548336552,52.12326404149473,6.520586814528225,110.5402083665721,millet,Low
45.92015496361295,26.254423589504555,32.94491690125608,30.082581828697045,49.16692554049258,6.819279035319774,51.14565860935649,millet,Low
106.76196332278242,73.05055480822276,74.31890730169718,25.46058580152429,74.22017980886586,6.782110906586989,259.5932749200134,sugarcane,Medium
47.659458197209624,29.98714639755103,11.761583551493892,34.67218954578209,50.65647086720963,5.84054502198556,41.935927822090974,millet,Low
70.10615630975137,47.59574163501431,37.59679856996673,26.55288185570197,37.20092556288767,6.455611477543297,66.70842640960738,millet,Low
94.84751571277172,43.22876896441598,39.407561977581096,24.533451734641176,75.28229540026594,5.49262425377486,225.63544987644815,rice,High
119.60039927576494,44.27695100241251,42.06635465370833,24.90668184011721,50.89498202908574,7.263985016344224,124.24782669138983,cotton,Low
148.34067689247897,34.975433651846444,73.59511664761241,25.866373364395322,82.86548263569418,6.7746208911454815,157.11902895675615,sugarcane,High
53.71030453523285,49.01577971276345,53.83718616178234,29.261202769389566,73.10108203521553,7.209695847216072,139.88097509922576,soybean,Medium
102.09830849258691,61.95341857893355,23.317336898158448,16.884426353164002,59.172307026557256,7.461446907396914,97.98811676957389,wheat,Low
82.4400475433329,51.47568969153245,37.33878043679979,21.776611700931994,69.74536792798423,5.834645315456187,97.04703533019881,soybean,Medium
102.11950228350189,58.491101863695434,59.139034170576025,25.905987585648617,67.05866158245718,6.397982837268802,86.33598831250778,maize,Medium
59.48530003875287,67.8363001808753,37.07399808609767,20.938651717625554,69.99951592252704,6.372573332775667,67.7836670148743,soybean,Medium
84.62489771968167,37.22949833237809,53.93030365799924,24.689840791878215,81.60320431224507,6.101189719701601,303.98887156666063,rice,High
121.59271757815584,49.397918653324126,54.020652222946055,31.337902915609906,54.43103767335731,6.788650812956843,82.13986759861314,cotton,Low
99.50598786946455,37.48749264025704,67.45791408975981,27.202239777413343,59.45499777894516,6.043427647872118,126.60121326029396,cotton,Low
80.66025957398323,47.335289462846916,36.09035297162342,26.369614420353457,85.3089122562428,6.878020416172301,221.74409785489814,rice,Medium
114.92966038707213,33.114161033078574,59.3978678721581,25.605381770925536,63.148299421203156,6.779368076883558,47.7624982569005,cotton,Low
112.13378904089079,42.986536497794745,31.007707726926668,22.356353097547682,65.11319411972606,6.680327291029026,75.08971480077801,wheat,Low
119.15448079132281,54.0562817732205,25.515740225713415,16.116798281746483,62.69568900862339,5.804876537385968,125.4632836287009,wheat,Low
135.4775350157248,57.93876762055275,52.76043781466214,27.24875224460186,87.58866537451055,6.074952941615243,187.5851874743009,sugarcane,High
124.63735005932845,40.10629244402674,33.01371119703552,29.234697157492846,47.4687746479838,7.22222988112247,108.02417559035945,cotton,Medium
24.970161918667426,17.489002157594086,23.413753684412963,21.438684588142806,45.1336590779038,6.089524714500564,23.456081250574798,millet,Low
40.4925371365196,78.42757174573238,76.39737423991008,27.383684784496396,55.87652108254892,7.018559474875932,133.9094496906998,groundnut,Low
84.44400889645006,57.98442722039396,30.446358361762055,17.3060971712109,60.388643389321246,6.520201911932943,126.7758672704276,wheat,Low
70.7222503272011,32.7024998351969,41.51775918182788,21.740767139933148,68.93246335522069,6.3739231760306225,125.12771733452455,soybean,Medium
55.25181445185387,52.4912322199299,40.87119383867587,27.904088821589042,83.71058353222595,6.434866384179558,135.04507212753987,soybean,Medium
55.03612881744547,24.94879722499481,29.15431711347053,25.0447958525796,49.807310259322676,7.091233010937337,62.78904932058394,millet,Low
98.59441277358496,58.796651377591985,22.28685386891938,24.308575733797003,69.19473528847904,6.621261897045609,57.66829506801754,maize,Medium
124.01982061004935,44.43910735605269,36.592075892825186,26.669711745294894,52.83783705860313,7.278647323332175,120.3217092676782,cotton,Low
131.61832583707871,55.24552135677262,46.1046616477439,22.09132886204421,63.47951621159046,5.95964636438444,156.13223446924343,maize,Medium
131.87157104525443,65.97606874386084,63.04441002573114,15.504135247516647,59.893738187772044,6.3735060272403095,69.61560929209698,wheat,Low
21.02181946002705,82.62946219782633,36.46480327713252,23.281345621421917,70.45243254187601,6.713713901305501,47.53873578999373,groundnut,Medium
112.22821855388959,36.37920335249637,61.19679926865182,23.74170041036497,48.14046056362227,7.030103799291833,84.9554331930205,cotton,Low
22.974818527208967,65.93397038136385,56.69774743521609,27.41260657812614,67.90267537046395,6.143907801812794,101.15935611896339,groundnut,Medium
49.484047035312194,60.84263140360686,39.18121405635781,25.58451645695679,59.42336869759443,6.204949493891658,107.83012996093079,soybean,Low
84.46084291130695,46.720661608107015,23.68517720522016,28.050707969601433,73.8042657327968,6.304500212493543,268.47775941545603,rice,High
114.32903855810808,49.535085260125484,32.69979082384795,19.732090575319983,63.970724429183555,6.606352602166073,125.17336864729377,wheat,Low
15.356759034145323,27.586706456526883,34.947367177722,24.47577236059697,39.06448436994819,7.993635727922655,75.12175761390012,millet,Medium
118.18416350101721,57.71550720692124,83.56263400252578,27.547229162331412,74.39696018751621,6.43753842260301,217.4249297238314,sugarcane,Medium
112.36451837661416,42.339461108946246,49.71045067454032,26.08946435718883,60.92813561069159,6.9601897995095605,72.79624343943709,cotton,Low
47.158487588441545,43.54348199568493,46.801132580852176,28.49413235571973,66.92184500616358,6.831737570090513,109.16156686165122,soybean,Medium
106.53963084250069,19.613046977363776,48.184833880751576,19.4742883581606,69.55808285758917,6.760461919504277,94.88704328883227,wheat,Low
91.0234362912843,38.40094530817622,39.182518897984565,13.924277954227577,56.362109429793215,6.759487712519387,39.455034000951315,wheat,Low
129.5529432722284,61.295016196571375,55.96719964193112,29.631643680032447,81.88046361251186,6.64200100266649,182.90026946541485,sugarcane,High
55.98522119475787,39.57078747223145,26.457584962767648,31.72170398017286,41.91253498787549,7.056649088310317,55.26364313926283,millet,Low
83.30841611864854,33.60395101808399,40.80376868881981,29.84038049701551,54.739968855538486,6.537681114651542,100.7624533496488,cotton,Low
23.93868435492246,71.59311426427585,61.72337072414744,29.609638346876856,55.60356483312331,6.4622317876922555,96.95511490052449,groundnut,Low
30.918001359276335,41.37466966795452,57.70969335887143,21.083462687251085,56.49839779577681,5.965467244313822,97.53648550883752,soybean,Low
52.77013183259706,56.19325934134229,71.21306735604402,21.038121321151056,60.07850992317123,6.8145543634348105,118.58260685825034,groundnut,Medium
117.1134358892479,46.30561277158901,56.115806951505746,28.406436509713487,79.9461958454628,6.2799825887257645,140.79304194955873,sugarcane,Medium
58.69958769621933,55.50005706567227,35.82270486107228,25.094252420399652,66.3207964119458,6.328739098764834,98.27001675429084,soybean,Medium
115.55997198386461,47.39632160907307,32.919298736526976,30.365295188026593,75.94652921911924,6.507343900955573,267.6133231774321,sugarcane,High
117.24508028318121,53.55892326236366,55.21181813425569,19.44223373930395,76.97368325956785,6.6009710006763145,77.62586299079817,wheat,Low
150.0,59.75953527065749,50.0023017200524,26.195379954494555,60.03776038403626,6.35271531508044,150.90492365813384,sugarcane,High
66.24991962446934,40.21124313330936,36.44189620746811,31.293798792906742,32.40096010029812,7.454168049028865,55.11365922720702,millet,Low
51.75683113784933,54.02814508717399,34.88524725356311,19.505046313859122,57.79117370412514,6.420988265012332,105.91710623955052,soybean,Low
111.87788965582101,43.152314837598645,50.22962372119541,14.789425311317004,78.75232490273457,6.887720934880174,67.59168353519846,wheat,Low
95.81674908773866,60.14189565421186,39.413233798310735,19.44620018200616,67.94986517854016,6.028930968261756,99.8449324554063,wheat,Low
96.12379133571707,24.568996749145917,57.34986764790772,24.380720959071915,77.33017164758613,5.808650888953987,227.83381020390726,rice,High
54.84759124762841,14.240732552973025,47.50582963027763,29.769082951215395,49.669834892174556,6.319272221618075,57.4400604957321,millet,Low
34.739899095121054,54.14833111801704,47.10189671035475,25.039491475337822,55.67771577683453,6.148898005297005,66.67628824567448,groundnut,Medium
41.3968669349622,41.172142258429254,35.91741032659206,32.047569556978935,33.26372838849025,7.5047708285191845,60.17075230358338,millet,Low
53.397176428961416,31.711456712026592,43.04110772431878,35.72183636052284,38.499323885957864,6.178039509875508,43.450464974763406,millet,Low
52.90606798017173,22.349041705469574,31.77386508363894,32.38578220243574,22.937170963621057,6.963665039740336,20.31743866484782,millet,Low
93.15818758788717,52.17711944136766,47.14035359002678,16.53839123641522,62.18462945746793,6.2815533343000425,70.75009834506356,wheat,Low
119.46836535457675,26.18528010991427,63.259966421652976,28.81790054295824,57.73780463539477,6.917827844355709,52.53301566414038,cotton,Low
33.5676230546067,2.289551743093817,31.18588854019718,32.36585147574567,32.699974254122196,6.881549216330519,58.88818953601457,millet,Low
47.33268834719482,88.61517360397764,67.03975975377881,26.166190735350003,63.48038697312356,6.097950240620593,69.28991945629372,groundnut,Medium
138.53933984905095,55.86002264656293,57.09149450273866,29.21291430458929,76.5249100953361,6.6836514855855755,133.18140348693106,sugarcane,High
150.0,58.024407759218526,43.90488327315914,27.223963865242517,75.25980513183892,6.903285372570379,170.43967137180343,sugarcane,High
41.034940473564646,57.9787060889241,49.67720177012738,22.80367367593489,60.54612390140184,6.044567706506247,122.16062507987405,soybean,Medium
81.3980423160996,39.97106578617347,37.39539071180232,27.557226633394592,68.14038252189924,6.917146163823843,117.15752563791814,soybean,Low
45.832198781480706,32.91483048853502,0.0,32.36924119802192,44.36747984410102,6.7778376938441935,50.85374186886592,millet,Low
76.8579772718553,42.40693964137953,47.15729365098103,23.69330105023793,57.41685826184811,7.1056119126291435,69.14192386271046,wheat,Low
79.24720193957496,38.33242106318198,39.59695934666074,25.368748465585597,43.642747686054705,6.874547213697501,130.64905641482824,maize,Low
69.85299094964253,52.02866156270259,33.50991857154148,28.301285326770593,79.43295273571523,5.756971421933233,85.09213547839845,soybean,Medium
77.56507483616892,38.27782751763637,53.967523261479144,28.698799626299753,83.84379712525966,6.451851536769445,252.5144847535584,rice,High
89.89267037950344,36.16208466533492,51.73172023322095,25.224746138564093,51.398384866673254,7.377434614190506,81.84658586027201,cotton,Low
47.106887679868294,41.83657843414443,45.33716903897275,25.464916055669416,71.1377970196263,6.815051743581982,131.40287078051426,soybean,Medium
121.1080115023203,54.71927247707264,31.406851775123222,27.030246523169108,80.01793781592768,6.35594912473783,166.88820132358808,sugarcane,Medium
100.22929456942445,41.27679892087853,48.8899962298613,28.47624904696409,86.88105781600383,6.208401536653104,272.21915228617314,rice,High
122.94616425600464,72.98255632803824,56.7392395215635,29.179259045818323,75.8442881741615,6.24218023675484,205.10422403241253,sugarcane,Medium
81.80633327621275,49.70164806483056,27.253061174710453,27.624388184614364,86.55493096181588,5.163583083142036,196.9395839709312,rice,High
31.23259850808402,55.53292175849154,51.11621146349007,25.499480996918237,59.229109715294214,6.3936889244401325,68.36526237386933,groundnut,Low
145.84432725619183,59.77033307887785,60.16104582466152,29.54485676563319,79.30443511636201,6.502818606372755,209.92163729227408,sugarcane,High
74.05837760499921,47.13098487233033,70.20097813691203,28.35869835094328,61.17413913713257,6.239783201583372,118.72613571932257,soybean,Low
100.6193118338116,62.44590678389892,44.01326217818226,19.828578135625804,52.55701012927006,6.840316429057922,95.02112732789274,wheat,Low
39.03403689062938,20.04595442990245,57.967999620190284,25.36262382489719,62.003442264008356,5.936826520107478,107.00717914294393,groundnut,Medium
107.8483477860555,35.35615172067229,15.791934422531064,19.159147961544182,71.70211377237271,5.6342976040732236,73.01923367017612,wheat,Low
20.040263754690606,50.74801184617526,50.81840570365624,26.362311396654086,54.88747733734387,6.2276913565278464,114.55027465303975,groundnut,Medium
46.684754660214296,54.74718601715531,45.41126177040267,22.042415120350064,63.11058278384538,6.841227664066563,84.16017934703159,maize,Low
85.92639854107738,55.97345971301333,51.44894403384457,23.350430407391478,60.486067674543946,6.671572805412886,139.97654402995383,maize,Medium
124.7899430997254,49.71981407273246,47.30458939788038,22.723061705982264,80.10154930183118,6.256686765455962,268.52390799916736,rice,High
104.96321091530376,26.144387935253867,37.211807626165196,23.20714081249463,66.92110017679873,7.517122709507873,131.362872235119,cotton,Low
147.95554502962534,37.26528929480999,47.23056617476733,27.945597269475755,57.346275432038816,6.779280602641499,92.11836619922309,cotton,Low
91.16052461471428,34.664589584060835,63.277488927235886,31.061424905217695,87.2898385416967,6.7919776555560105,219.68109434733532,rice,Medium
118.08713518715976,68.86877852324392,41.61449067679307,26.67017319742638,63.14190868731132,6.859691180028464,93.99396237098891,maize,Medium
18.147135576279428,52.502729006668616,60.748031489103866,29.271416507170983,68.35984396106555,7.039459037436444,66.55116477887769,groundnut,Low
52.56774478351038,68.98390719067937,65.50752496261649,25.15711851917499,74.30795999757905,6.259339028444351,88.85445467827829,soybean,Low
118.75824533426001,55.40925634214677,31.91329015539274,22.030161190536624,57.65901466815688,7.02642714789198,70.58943613529512,cotton,Low
122.6379030025537,41.42815133817297,58.490167781420006,25.014262589242605,74.70456808012455,6.161099762206839,171.35221971172982,sugarcane,Medium
103.51010729905111,44.709472221646244,38.8860408382015,26.5593566976028,57.150806291207935,6.881982352795631,85.23372143336722,cotton,Low
74.68275615955096,40.21902953027335,64.7655205731197,26.796372380365966,60.67679583506853,6.983396788230233,103.20039147879217,cotton,Medium
105.87636730274382,23.89512616292263,30.8008978480107,27.936127848755444,90.21178934519409,6.474420583999376,181.40306157679584,rice,Medium
20.778775303329606,59.13952384458038,44.14845776018092,28.358051872442626,50.80656318226576,6.048600483612199,103.11981438753304,groundnut,Medium
113.98652306432001,45.018796532439566,48.408407345447,18.61427664720535,71.12702623584492,6.919859075134939,49.60283031473818,wheat,Medium
98.74176418895108,54.79073831527192,74.90620798320825,30.535686521974988,69.55466770670587,6.6855701692222285,95.57979320135482,maize,Low
128.04136814057244,60.53596855642506,54.769711740223116,25.9252748213732,80.81114161691302,6.2842034939575475,222.5602288619017,sugarcane,High
23.873649236909873,24.00045003349637,38.53255323054364,29.88370553772549,60.11851123115075,6.713505277150953,78.26141611857719,millet,Low
130.25051300901325,50.61840474645059,46.75025452003297,24.349685689604478,90.63051983600701,6.259947410400769,107.84669107607127,sugarcane,Medium
74.30392425993776,47.89400404019945,54.153989852657375,28.77820540897637,70.79201804000013,5.689985474196102,106.48432897806384,soybean,Medium
66.64129981963657,55.50301648286351,49.01669021129803,25.300145883333236,63.37823976450664,6.295520880575446,74.00013259719071,soybean,Medium
89.2776587776386,34.15407867913962,49.04978489671679,23.514135549176018,71.50730159597316,6.352998857398258,73.48003429760678,maize,Low
42.67455239387972,64.1189541181178,38.03759486291756,25.824792343210262,66.63556136418539,6.559412406256602,100.31970605000105,soybean,Medium
75.39629065701901,82.81722712556562,40.502388289845754,29.136733729005048,67.35029350619779,6.199106185389023,127.78852428275388,soybean,Low
123.07333949432213,43.926046634533485,36.54639184690494,24.627634423417682,55.82033151854018,7.232484441279903,37.81802300897078,cotton,Low
84.43067062734326,39.002397691342075,59.88107821474774,30.296312483125046,66.82176236241659,6.797925131394287,86.13746704485781,cotton,Medium
137.44372849368142,72.79399439663088,68.45747330926784,28.346857625507386,78.97074924361632,6.398892087595587,192.13534056846825,sugarcane,High
59.82789156971163,30.765854700403665,14.300960934907541,28.454163684972745,49.77644879790832,7.510079342478354,77.87523594775661,millet,Low
117.83781149663585,32.16235132084071,37.77433762891144,27.471597406867666,42.72700245240919,6.659700827744573,37.799141870058044,cotton,Low
125.37161168422593,54.02296437128058,38.01414956799141,26.63397273056406,52.16912829743917,7.321848251394927,134.13803630516392,cotton,Low
44.899821404209916,38.82680277963086,35.845038709387126,30.098439577897047,40.94636659031809,6.780346433732452,56.220375109747515,millet,Low
99.09838793249236,29.46859171764514,53.992631955022254,25.714718887952063,52.60243154668549,6.880880299846084,119.39689523754923,cotton,Low
129.04419893899765,25.058193088478973,66.29143559660167,26.612401101059863,58.101439032262775,7.362632660637696,48.06408490386643,cotton,Low
113.39430805163154,71.95544242059304,35.08376088844603,15.659402612647611,75.64459923231232,7.157479075755644,60.080283839342215,wheat,Medium
110.3915354777329,63.26999679553656,50.33723830759366,19.440781504217775,56.5591385961564,6.4149395952324095,110.56956952085007,wheat,Low
100.94550434701027,52.03697321564794,34.84202636557311,25.98760810019584,61.417152787852544,6.627192617781544,68.82339508027701,maize,Low
126.27069381846525,37.905059654861525,40.922891908229715,24.4542091438552,70.38761451185152,6.5828129438443135,76.52204207744234,maize,Low
98.08517977722715,43.27270835783228,4.846615719972782,16.836900250774317,61.691074674962856,6.297945851210642,78.05886043489987,wheat,Medium
100.48242630303803,50.05167533267268,50.90422617591359,27.501997164143628,82.29864212308576,5.935871544210621,220.28252634512705,rice,High
31.74015151616998,27.357485644391073,8.910919555166938,26.648474782745946,42.162557120553934,6.695458602952157,57.32648170690376,millet,Low
69.70305697345167,80.65666253960805,58.548600138397475,25.91107778176359,77.68957812063304,5.7980966326894965,108.74960665611756,soybean,Medium
25.594704217868294,38.93877562474606,52.47570875467706,30.78428596713159,51.87594048949343,6.438243017645031,84.30289279045235,groundnut,Low
111.98473153382331,42.29068439416157,45.81033845625509,22.961506638996728,83.88548399557165,5.635078519465884,183.67903697915156,rice,Medium
121.62917508702834,43.85150911187968,40.670367278133966,20.0590606650436,58.28885860779411,5.992029067137545,91.69596284792344,wheat,Low
45.2493147204362,40.607797925636014,49.312120507318525,32.25017643075006,55.583786466764344,6.607225732703573,42.419674620990975,millet,Low
109.38262025246553,60.62277779586789,32.89172853217536,19.499592371221112,53.80555060158447,5.95998939693935,99.19123232478555,wheat,Low
113.30283971307699,52.38867277751676,73.08216185124145,30.98550299547582,62.49893931402944,7.04913689946233,100.75403430865761,cotton,Low
83.41711418293431,69.98723856423833,40.49399951909315,22.10957150957296,72.59233544707224,6.226365253193632,96.70407630694193,maize,Medium
90.3369883921807,51.56542938210252,30.83024621629386,33.23784626483875,86.70762572738815,6.0948436683166936,219.2295848106242,rice,High
80.69254647123626,33.234581778644106,32.99680808384794,21.24807316166122,61.23100278545697,7.330318659016876,87.65909528152073,wheat,Medium
85.20228715117734,46.82109590698489,34.97828518043973,25.297940422679055,84.798150246678,6.169619590542991,259.4933806635641,rice,High
89.8390406494366,45.50559019099699,33.240893102613065,24.819355302880933,60.01430193190876,6.086763839193667,99.91641667999296,maize,Low
59.33609819582135,68.74260023885991,58.38684549802119,28.01872224193491,71.55126645077827,6.654043212850552,156.60784431349484,soybean,High
57.96488679031957,82.65298240391992,57.672681708792624,23.282803097412142,78.07740196810708,6.749775237268327,196.1735482382603,rice,High
66.99607437590647,53.40779890558403,44.77634505940031,23.99270971958686,66.43189196712402,6.1245400365452936,139.21128223400726,groundnut,Medium
87.15252643886201,51.17204452098002,24.82601911654041,19.964926752665068,71.48638916473368,6.968076617157997,65.15343312912867,wheat,Low
48.77389210892606,24.145570943114457,30.435351511660024,28.07371462641985,37.70858049969629,6.281010392660341,91.53699651178434,millet,Low
97.57559359477402,41.442382704952664,55.4097480359816,28.37058760552328,53.26614568674831,6.949753906763086,73.51945467489769,cotton,Low
101.4436089153311,49.20546736850638,60.524524763903806,27.109389730749253,80.6485185593577,6.4165640406900994,209.8555315885224,sugarcane,High
122.33859381800721,24.261472407555985,51.88815881207693,30.80143127822499,59.02585907625997,6.493767448139782,137.64092093417975,cotton,Low
75.54064249260168,24.99720436656733,17.507937380594555,30.42002355015543,43.265663746496564,6.593351712183961,49.2950859211921,millet,Low
61.59577999569321,47.55952448847526,45.01446570434669,23.974465175076855,81.1328879757069,6.076815388144384,188.30320316000154,rice,Medium
126.41782187301061,49.996235928658706,25.817510494950387,21.302464195267817,73.49096771898508,6.944664424498806,103.30015497054858,wheat,Medium
37.41569121121217,30.961917125850643,42.46385144783682,31.163485466252464,47.05059722375083,6.850965317501511,87.27091893279226,millet,Low
66.73036169052209,55.57340276475571,54.64590881657114,30.562553696191337,60.81286174952009,6.4072473910503485,93.60077254948065,groundnut,Medium
81.7566429613713,55.31505464375762,40.35443220252583,24.18241753772332,92.31626743724378,5.893337364886661,299.70061412672476,rice,High
115.49584117781657,41.14715954378191,53.238812961038114,24.929180337408006,71.80601593465225,5.23926877478202,117.689176940722,maize,High
108.93641956208947,35.977996321283385,29.06560533672735,27.41997715096113,62.17437865626588,6.448546194248317,90.55811993624687,cotton,Low
9.976609340612555,47.24370955420764,33.04653706650468,24.9646964865291,64.70751245896663,6.727720667155753,126.56024930947336,soybean,Medium
98.80285640700406,71.28546750971975,33.11356409843174,28.373095841129143,76.54367527123156,5.639259574883088,276.11177243744396,rice,High
105.46380455508799,39.96689995736448,48.69611882660809,24.61522601770389,55.012939760470054,6.234303205987187,156.6531081884277,maize,Low
65.46255094713617,43.009757164460105,34.96400291397927,28.684983131633384,59.90379512101711,6.778107690835499,73.46985867180548,soybean,Low
115.40339055616143,46.49585552809934,37.99244753020111,26.048030135991414,52.38681949449111,6.776971433153681,130.06068669111994,cotton,Low
34.874414828707984,44.369934198772356,31.04033485782641,26.341881834842276,44.82092274802552,6.931456389746557,73.03683143960711,millet,Low
58.636187953143065,72.92806297249055,56.4899385246139,30.29668353288178,63.022517077164686,6.984153043624705,106.3339354687777,soybean,Low
93.24980713006279,65.08579060235087,33.575978955805326,13.448478909984964,71.00463334017412,6.3479722643838565,79.59513987786865,wheat,Low
34.719255159515626,48.04572905284804,59.195797085769684,21.339631599010204,68.0386331958659,6.5606154542876824,52.36802059596398,groundnut,Low
87.92316024024339,30.308421164527612,42.4917209125677,28.260024863313596,84.28695030929667,6.469272540507983,271.5901101633098,rice,Medium
112.12393680109824,45.70310325660774,64.04793955181192,24.039768436788094,53.089979183492524,6.877175483427538,112.13955585904199,cotton,Low
137.64830871881793,63.612864479907756,73.76355441906203,27.734399597550777,77.81117177877789,5.609974079377781,232.83333974445992,sugarcane,High
124.28144069090689,52.514059730871516,75.24105630305877,24.440704303301516,71.25479941831813,6.67747130553593,150.97378689735206,sugarcane,High
53.05754214854444,63.069433304633876,42.75034055898059,30.921200328207554,63.69377291817357,6.842398916122619,132.3268735868479,soybean,Low
100.11464260010494,55.94375693853573,59.80960552038047,29.60108574401858,66.94362098203062,7.491792704744349,70.22438332836059,cotton,Low
101.67541614249957,38.3857714040576,35.18161339893231,32.18451072990919,89.25019738355886,6.437010779680474,260.9625010324585,rice,Medium
97.06452203279648,62.721076878903986,39.38172485770425,20.369759166542558,72.75655220602326,6.244280507915604,98.17138501526094,wheat,Medium
125.28334314553555,70.90600263665507,58.00217298862145,26.301150098728584,83.4183490004216,6.772355715472961,187.61157190549787,sugarcane,Medium
119.35288698238787,61.665002157037364,35.62450445191206,30.1457097516737,51.85319100141702,6.817073561596702,40.320298258038655,cotton,Low
115.93985936181289,45.49239601081357,56.21336907984058,20.481346285697306,66.26379449801162,6.884558626988263,58.20202497218193,wheat,Medium
64.59935022742991,53.959719143406325,61.40351709779771,28.15523509332989,61.7841624236973,5.839977385134649,90.26219956684689,groundnut,Low
109.38127806531196,65.9094538552395,51.095776743336195,27.188885802592626,43.881758854458646,7.739763008201004,113.80098414935816,cotton,Low
61.31621153652256,52.34483865539984,68.0232760065145,20.290565140222952,78.19552182279122,6.992128725942868,97.13976726409952,maize,Medium
79.47527441750785,73.8473119907697,50.93635266609666,12.538190098354448,67.16045886713138,6.772546381565812,42.19362561450558,wheat,Low
110.29708302469008,55.47483668960378,61.96137295940973,27.385238295173874,77.13600013379003,6.554438319044191,176.7004548969162,sugarcane,High
86.97608557602501,51.17375951711969,53.247202560422885,22.813017324925788,62.719245943663886,6.365549480327436,93.46612959275211,wheat,Medium
98.28445873783963,39.89814041758217,15.77625201860534,32.10908269321525,66.15470666688233,6.87677696078104,133.09652716160974,maize,Medium
36.162314254535296,19.44391423902436,36.61539999330705,29.41467570950552,57.263825980248676,6.39646140431215,77.43986930853727,millet,Low
105.54713813330005,56.39848781479175,46.98484392359645,23.61436112024413,62.786599022748675,6.939788376045516,34.16852590539928,maize,Low
28.702166308173005,56.454230233190614,57.49406060036885,29.965642976479405,59.623531673804905,5.683739602817315,94.58104776146796,groundnut,Medium
100.9144431545547,45.62335062968759,53.79168092658695,25.22287356253789,80.82190090549012,6.1851111053960635,217.13594962343745,rice,High
119.32113587278566,50.17410799115185,25.16637044763445,24.831259494159916,55.123904012620834,6.62389631824544,64.20084290382052,wheat,Low
105.2447507094954,31.22236674365534,41.1441303932957,18.78132679000067,60.68926515045809,6.014949723330968,64.78613289809479,wheat,Low
115.67696377623885,36.51090630021565,45.3444313847373,25.92114041244316,79.03840589142332,6.448948240579765,224.94280967898004,sugarcane,High
46.552958433746994,69.3551318596825,60.95936741648341,17.422504942586173,68.93423911680553,6.684168907193755,96.19438853306363,soybean,Low
105.86156417839739,25.307173515432737,56.79849184497987,22.695529264740305,52.59460511645054,6.766780951609792,91.58253775585577,cotton,Low
108.84701889494507,55.76167793590284,41.64246692255974,25.42535190468512,50.62988792658028,6.8570220472823005,94.07276650712713,cotton,Medium
22.08762015863025,56.17190363432576,37.8192436417031,23.120082442567877,62.923169665889546,6.614256090006644,62.383291097447334,groundnut,High
86.5370573020927,32.071546480523,60.061749460498845,21.14644688883613,65.26542543803092,6.319130127913873,69.79217917164567,maize,Low
107.18409464630174,50.087280553400596,40.09649647002963,28.726212010863904,48.19219935454748,7.2076543117240135,101.59808874906115,cotton,Low
26.323265684970373,63.11303989515791,47.513917015752874,19.88466042535348,51.54953495619397,6.531853413123117,94.09678504341139,groundnut,Low
58.22544640436613,36.79524849670426,23.82689018085908,31.36972324056168,42.596457529379585,6.283696390130576,58.657672249297775,millet,Low
68.49698226164301,58.29443425099938,52.777538989985274,24.014340244629107,64.13332122104565,6.607769380821961,153.76939450495516,soybean,Medium
108.25142980320007,42.570027293581,38.280556209637325,29.59102870501174,57.435937613441155,7.149336920269932,53.56213324266422,cotton,Low
90.66947791668429,56.992850998086375,45.96248308609117,20.98674454200609,78.6253808793443,6.0854498138581254,49.04927356409958,wheat,Medium
132.7632584429514,62.31941664798373,57.21757792049052,26.93085554902836,74.93244325278283,6.752489676729523,169.41776517838872,sugarcane,Medium
60.06315781313678,61.48448957117245,39.84074189134091,24.571255924020452,60.94878065380533,6.96695627148046,109.83765996041876,soybean,Medium
73.87257543119799,33.4321896916155,19.811718815015574,20.372679717115176,44.05433243543243,5.458728007044581,59.85657578037346,millet,Medium
101.81057109327608,23.80420395735831,67.04221926538338,26.53997103135521,62.54878221018357,6.892351128058517,97.66263658868132,cotton,Medium
129.25800143015124,51.97865591288345,57.48432007897005,31.85235600768355,80.21011202304582,6.553908614331862,214.20421796060927,sugarcane,Medium
94.72878646429402,68.7609603059853,30.178856008695984,18.747925786925187,73.36070779267803,6.809561217313982,93.62219582742227,wheat,Medium
67.08145036582644,56.67068078156339,51.80821074622297,28.065175806280216,67.70058986751211,6.535050062067985,97.9072313073797,soybean,Low
38.959976831449026,23.915660846507716,28.370452316915824,24.846210125817954,60.517531541827076,6.655137211836111,80.02652269599184,millet,Medium
127.26122682381337,48.34488111480938,74.09714160279646,28.176314528871732,73.76114699540523,6.231850033808273,181.12926837699385,sugarcane,High
35.80050800790206,61.352987256921,46.0194018317076,26.61840613886781,59.98310656012141,6.370299157002767,71.2982048919583,groundnut,Low
60.61661724786845,37.836095259718846,59.80972896894403,26.23064244729041,44.42056744286173,6.668743115911395,43.31247376490524,millet,Low
118.1066185966501,65.0641973634617,36.77190098891844,24.058798849732884,61.580559681081304,6.484016929544186,117.36785945713704,maize,Medium
105.18824207222002,23.65547954974291,41.79381319400508,29.915629951802796,68.58099023767473,7.158451870409669,88.30203653542026,cotton,Medium
96.38830809289554,45.229773328989026,37.30215709146829,32.07292886986056,73.82095597244313,5.935207128881356,227.58824670441584,rice,Medium
49.100950037801596,47.07819631647533,63.850336761598456,21.850946573766578,43.25457582087073,6.604566102008752,127.70207125360051,groundnut,Low
64.51469353552423,34.14133056186739,45.25311297420705,24.77211931925205,62.95322877642249,6.013127239711011,112.9705814260102,maize,Low
111.704668265306,47.358657318138896,57.38213447362362,29.767268376720562,76.63235618668298,6.02410757669033,212.52513423354563,rice,Medium
49.77238991114828,34.96377477938848,18.616537185492398,28.58664241642316,38.315190074498034,6.190981164038592,83.47801863148416,millet,Medium
93.04384531276949,26.811070620033217,63.57006241596074,23.502933280687316,84.82849333831842,6.453172727102205,197.91107822876114,rice,High
68.1978662408027,56.14316877252058,48.990445002209164,23.143067294778714,61.360794655158934,6.293580737559289,124.64462793616471,soybean,Low
35.09328947988625,20.64652558497321,36.11401659389287,34.06646657690803,40.316439832640256,6.953966334981008,38.04713272842778,millet,Low
127.19251678204209,70.31516785448265,64.4544811616407,22.640422677219508,77.6589788867583,6.1375089453022005,121.21740224803088,sugarcane,Medium
18.47604735747771,37.01386546376954,18.708272864607395,32.27308372757443,47.00118172828285,6.4247558698661855,78.479653582403,millet,Low
133.39814126396493,70.57499806792914,75.1509288835698,25.7458983091053,85.24501916971153,6.554140442549362,151.51652253248747,sugarcane,High
41.54447863696916,52.48199740748008,41.71046309646771,30.354126383211145,62.042625373960355,6.166662826848605,68.79083658942272,groundnut,Low
102.00745596830114,30.168802429727535,61.46466285415821,31.823959372115024,62.39777444410737,6.934704430185059,63.43271291279912,cotton,Low
135.22142937681016,50.30440132121947,58.84015308458231,30.118364580964702,77.7073424129963,6.157404178792196,136.37622755112932,sugarcane,Medium
94.617588071222,47.39409431435772,45.700443489814745,22.80030002967205,62.038657837461194,6.545116296633315,96.85096877309128,maize,Medium
95.07744611241621,40.01654503319038,52.59338239327542,26.706843674325697,86.6251911633218,6.6575016172827715,160.85655016880634,rice,High
62.09475366444744,42.956378639151666,66.00839979373418,25.71156713622653,66.03350368825923,5.885412202572235,107.0965278482998,groundnut,Low
60.52837959521716,65.99654592835996,44.01843100950988,22.85684032088794,58.756987162153195,6.452230735705663,99.91549991846745,soybean,Low
119.44094592672094,36.71411819837058,35.61392875617681,17.550177842762672,53.5347854838023,6.99746193905726,76.88343982332992,wheat,Low
42.22086120836222,52.28219507852813,58.13822316070996,23.050690558567553,51.91527517473124,6.694734849642072,83.64063957433595,groundnut,Low
122.54685808987708,55.886643233494645,89.27849360382602,28.42909952292701,79.85432662862573,6.31649206348946,184.68796590332047,sugarcane,High
101.15126905625101,43.972466833806564,40.28783978246143,30.9256016250543,57.95411022119924,6.880035906783536,42.35418986673449,cotton,Low
57.02459575355538,37.72480801430532,19.663047249763892,29.902905129927234,38.63094795565636,6.632477699068613,42.41693601812908,millet,Medium
150.0,58.0179240393039,67.86093621156631,27.65382172847835,77.39155302166881,6.742958595461262,176.5699661625831,sugarcane,High
97.40797393905304,59.2630418580401,45.29568582039095,18.03749796572175,87.94722444533414,7.223491411953551,48.28501852804512,wheat,Low
95.73992248692265,58.66936382265175,40.61662970155338,24.22352878148032,76.20505691098066,6.5392396620189865,179.26035731477862,maize,High
46.799110631997635,54.02169695158273,87.28378008746432,20.78981954670668,62.70778484249689,5.7939540255002075,93.72216509884426,groundnut,Medium
53.63145217186538,69.54824424146864,63.393401087278505,23.327911744213168,60.44504099012631,6.93907123420505,135.4198309165593,groundnut,Medium
134.34008358464476,52.95731449634585,67.62294643924749,21.053387657414884,70.40618132946113,6.587497679956714,153.81681560029682,sugarcane,Medium
43.97885535370603,54.764517708070116,58.77651930868912,27.512463652850833,63.81290805615851,6.351261755475586,55.41331718860035,groundnut,Medium
69.99854889816203,32.06292624260427,46.63916874706503,25.47865191555561,74.66882563869879,6.766366608102089,81.9662034199346,maize,Medium
78.5238617305617,42.57052462100082,26.921696903530616,17.241619815805983,70.68774538752461,6.688070033027143,91.81466360979607,maize,Low
60.84368006359768,38.155992327393676,29.976446881990572,25.01735534447996,65.72088343384868,5.885416118581551,67.82969576887994,soybean,Low
112.2819824027668,47.52863320048817,38.531851313982706,25.320783255918656,73.94357570823834,6.7445972500427045,159.98250088305485,sugarcane,High
62.72742440913059,24.061077654116378,18.45001398096813,29.39805385739923,40.5963850184863,7.29403093812553,87.64275989693348,millet,Medium
66.95130198139736,65.27382993594918,57.00152397437191,23.916504769255845,63.47914370141871,6.204982177437364,35.977184930831946,groundnut,Medium
98.25078148536828,33.379866541636375,46.26450607375152,23.031115590288987,87.6446271279293,6.11014674000119,180.70050425846762,rice,Medium
132.73420335306804,39.22960564452269,61.66362034236541,27.504007522403857,81.59450511176894,6.417355305446294,216.29518635292055,sugarcane,High
121.34493340409196,39.077469287595726,52.75164137430275,24.258315910341988,87.56952124851608,6.585178366281417,179.57032132742384,sugarcane,High
120.33783400477519,70.03907337685567,59.68738503775206,20.83308153060421,65.17051392346396,6.6809847882144675,63.027062825079994,maize,Low
100.8681399085609,56.98138124754035,44.8053225888487,24.247325299904528,65.04544983873448,5.972843263144598,52.61691103847204,maize,Medium
48.13756344496773,75.10513487712082,60.79515934213104,27.290267468515257,53.56940281405804,6.066336381313368,59.58035897296456,groundnut,Low
131.66835002261288,51.07209309913125,65.90087568907465,27.92744611511423,70.99499505671571,7.105341934637909,175.0889320183494,sugarcane,High
73.87410769780584,26.300920442959363,29.616793319390272,34.24929951764249,32.52990197489487,6.569106163187952,37.29367437522454,millet,Low
110.57909103813225,51.117900052396905,38.86812995765128,26.696007481017524,68.30157258499138,7.006604720131053,119.78594408767415,maize,Low
102.33000374757597,67.94382335151671,63.801544140723585,25.43388290136863,71.9853543390527,6.383846803339681,98.38840921298817,soybean,Low
89.09843155588175,27.089630492273084,50.64579595354928,20.142407948160855,63.95608195644391,6.323285090834022,106.26560627602996,maize,High
105.48429607576132,42.451545665556665,43.58814082077403,26.064615919358648,64.45114535834091,6.042726663189188,74.38530737486869,maize,Low
94.91316581094942,54.44073338322747,38.51520783880292,17.292090038367085,70.95348568252028,6.906727358518161,100.53865208841403,wheat,Low
106.94460998308107,81.21076722105883,48.41198503383323,28.749479243160515,76.15111422328117,6.485504096379697,117.23962741410473,sugarcane,Medium
42.90713512496677,59.92319096876234,48.98514450999906,24.78661313622769,49.496696185934084,6.061312268829398,47.64901796936488,groundnut,Low
127.67964503298168,63.566529329081646,61.18817339384709,27.477475850582714,70.35697604919477,6.615849949399516,180.51429334405285,sugarcane,Medium
92.40860971574797,45.03655224184097,50.2432580369562,24.15979200937718,80.18518188107123,6.268166488950195,204.47292725835086,rice,High
105.81495429358453,43.457765063284135,80.12724110967996,25.07503353322801,58.42753657106651,5.450420966919734,55.1947066524057,maize,Low
26.377690770884946,54.93359178234307,52.38458912507753,29.881259467597882,47.4472078024542,6.438759150413726,76.74776034987826,groundnut,Low
104.31002645239803,52.81669501566957,41.216769064315855,27.545143058918143,100.0,6.654226256072239,242.83562042772667,rice,High
147.65813181125372,77.0096147723487,38.74292938267387,25.429364159473522,89.69377866868571,6.777771253018315,205.7479300274479,sugarcane,Medium
29.890441504870456,34.025384864057735,73.135390162905,25.982917710164262,65.45900443045585,6.538974514791463,128.24277871901205,soybean,Medium
96.06610276308905,33.95045591618003,49.12570773390734,25.036402269580684,60.784303516638914,6.213716672544749,82.13783324098998,cotton,High
118.38042924382728,35.144337759508645,35.30735271970455,26.83178931542387,65.84644271545201,6.537069376251094,79.12646248853419,cotton,Low
110.98682972973444,59.95517736627805,48.07910616070034,21.96935003630181,44.408391326243496,7.556571451088926,125.19077014176715,cotton,Low
24.17468866934223,51.356657080944814,84.82376709440423,24.630113642834285,49.15931147379995,6.072967365288924,91.72508751842653,groundnut,Medium
44.75003800053085,25.788567094342945,32.83038078899485,27.06227548021311,53.20811300565838,6.632677954087603,51.56446271224739,millet,Low
40.33284267319536,65.56256967549012,76.95425616269918,27.996586480984643,41.70760064543481,6.51118661759145,129.289794642,soybean,Low
91.1370683729059,36.87405946185466,56.70143680101302,27.872359451156466,85.77007305558568,5.8410982514056675,219.5101290861234,rice,High
65.64562043013278,74.51872752022925,60.27603666727629,31.344199149802574,64.53286266268071,6.748024086762994,105.94745790649813,groundnut,Medium
60.144344974468396,57.231468330182125,60.67544277655925,22.045723892613484,64.87850015899802,7.101350079489727,99.44279400284584,groundnut,Medium
27.037418812390527,60.15185356978385,55.326126012069565,24.995680025885516,54.43106358922959,6.287990306831293,61.011611238737785,groundnut,Low
52.546514292711024,61.53915025814793,49.91775206118211,21.797749042333933,71.7950526190209,6.042036696944409,98.81124469360623,soybean,Medium
26.72457051605802,61.26091165449954,36.93920971715554,22.845357324979517,52.17796479166361,6.091243849925618,88.71046856961055,groundnut,Low
79.89891893314098,55.18660028911105,31.82343717916511,14.266372499745831,66.86294469941518,6.394208109317034,74.79984642656692,wheat,Low
108.46845411662842,40.45063691992676,54.80769966007804,27.449379033950603,54.08039254806526,7.360666233218991,42.94421440806728,cotton,Low
79.27044436110047,53.15517298721611,36.23560041939436,24.5842044026317,88.53370358180419,5.768902088828278,222.57120076381852,rice,High
98.44853163564574,35.13136756968029,65.1501220217099,12.50495325838192,56.589520706885246,7.543080937415093,127.43579207949065,wheat,Low
126.60006694414001,62.789772652845045,54.560885688635494,29.65906848794105,74.46345953107866,6.529246681707109,149.84947996874996,sugarcane,Medium
49.18939566005669,59.00535619350162,51.151043542253845,31.565355719106037,63.02581028345208,6.615861909738029,101.98776407353259,groundnut,Low
95.8001004718828,34.65163116536256,46.18353185949361,16.76333776492659,72.30778985613925,6.97127449912423,103.44074757374699,wheat,Low
113.23503156400427,35.76944508716056,44.70917373666973,23.905971022298374,54.5802091514956,7.073499874384385,73.09161762389456,cotton,Low
55.55693825626228,25.585640475642194,17.889562170751322,23.14976622042686,44.97313903968015,8.14532149519957,89.690415316974,millet,High
83.45421164210147,43.68468235289003,43.93964448953598,24.57848195878725,81.91328637473032,6.202568907924375,241.851369920148,rice,High
84.1233904953752,20.023267790084727,42.405515576964746,19.62272555568297,72.00935333752986,6.77556973145905,73.29137012882995,wheat,Low
93.50839174617417,59.52582160572579,36.43148704908272,18.038485930631055,68.83861628293467,6.0654560864918405,83.28385616725643,wheat,Low
18.560996804932824,69.89602349629716,73.64025638867074,31.341915798433124,74.63650077056991,6.50127347827972,75.61656579892302,groundnut,Low
119.0810675714412,45.67167715588014,56.36961900407275,25.426800470184943,51.921663811167434,7.72163697657439,93.8935544510723,cotton,Low
132.98570573881432,45.04644047084883,72.17730924926663,25.028130329868226,52.254467450506304,7.079231336405157,98.97454238650282,cotton,Low
96.608119430602,46.173843734063226,52.51721606944733,24.088291775032655,72.13315556748773,5.738073222428997,70.56022190447605,maize,Low
26.380510908885647,23.130299714260907,45.0746561332963,28.01583064796972,45.88375004708909,7.082146290710217,90.30793498527186,millet,Medium
55.85801870278252,41.9364673519165,51.45240654203291,27.86400044808816,75.04258551624751,6.144014977377143,87.99613726493106,soybean,Medium
82.04248278584208,38.09018111226384,41.699379634180275,25.66301585092751,80.67418240280067,6.503003084018922,244.566668001737,rice,Medium
105.1249034792894,46.74422026318043,25.401030350371485,21.365584514382757,63.50656830149244,6.940466187050833,108.22659112505912,wheat,Low
100.61340434402335,42.75909214501525,59.33357157053258,26.855106713760367,60.921005312841956,7.066321090288178,75.66138956096532,cotton,Low
33.96926049587815,68.94224258272594,72.7991066182791,28.719029706191456,61.68508356172047,6.582481327660697,69.96949100467792,groundnut,Low
107.78306770660183,55.94966025233085,40.019428376283294,15.627354624916304,65.27206476982518,7.0805979127698855,55.87445511433412,wheat,Low
146.59692656218107,39.99740768926239,54.93004925481079,25.091122747418073,81.04149432081786,6.349402411945639,178.59283429122672,sugarcane,High
41.67902612722358,20.350347742071737,49.213424227671226,29.78473245219622,33.08312310119198,6.275430176743504,43.679538561075944,millet,Low
121.74358400097717,47.03191535569812,16.452047510961307,24.651623812585203,64.28186220870617,6.487416064618428,64.68320747646368,maize,Medium
62.69499058307381,66.43382532668146,36.228048464627015,28.14040271047404,66.17855087225117,6.836227079116669,81.9380822005312,soybean,Medium
80.02482549283062,31.53619931300982,55.949186876186126,29.9865062618425,43.010916022806306,7.420440825209638,109.8553620753498,cotton,Medium
91.14421386780403,53.33063016192238,33.80272707375469,24.735342853117853,73.81435237121443,6.8145528547982135,81.15551800733073,maize,Low
127.42254572722965,37.78147892505681,31.931026393230002,25.318550708255163,46.167794932220914,6.958565716737041,42.743811917523836,cotton,Low
76.15788756401685,72.00492440011773,93.23398562973048,22.51680583091025,63.056686151301776,6.813930147419398,162.25455244879143,soybean,Medium
67.17450588382034,55.403220488242674,54.60373261963569,27.353581781426914,60.462438791879194,6.655946063226287,129.2970625565768,soybean,Medium
69.75060399133861,62.77834176261023,62.84671132325229,22.44244301228339,66.65673614699156,6.010333028731112,110.51518689771677,groundnut,Low
61.57293377813122,64.01130559291825,62.18314109733271,27.085723509082964,50.22109754396597,6.072378942752478,43.906176030184255,groundnut,Low
28.618201354164054,12.322249480241641,19.876840649619446,24.965039994174774,53.66273147133113,6.99236267351797,53.86011908233196,millet,Low
85.64558850910996,64.30276874605305,45.54569658486169,27.068147628926877,63.72513140194829,6.820451433564782,84.50614990931166,soybean,Low
93.0361129231081,63.53887739922605,34.48989112205868,28.343389255373598,75.50912018143156,6.333194967525004,94.71662698120412,maize,Medium
61.377292620063194,43.56592028569866,49.9780548938708,32.80029354046143,67.22665250788997,6.798950052478945,98.92580162634944,cotton,Low
115.52119025732901,51.51081666073951,55.21348918056286,21.562362689634043,84.8423794356665,5.749795644172503,101.04663841268226,maize,High
23.28905861911589,23.494997339425453,51.75488664790498,24.160949559269092,45.555824929768626,7.1831393696173365,48.62588586805893,millet,Low
33.78683828608701,48.662965775893326,54.37944266430345,29.767811120047092,64.59649374029372,6.885193571419749,118.11035374927224,groundnut,Low
96.99471133308754,52.78210510561818,53.75236172970478,17.812081268018296,66.94498766810314,7.342633354331193,82.64393735908855,wheat,Low
85.96666964167754,31.721689095099954,75.88031763899832,25.307196409373965,86.17723818888051,6.650626011819103,293.9582437978138,rice,High
42.28213589106424,64.79949691914675,42.382367798391364,30.24096909452649,60.44750887322741,5.627159482319615,52.4650201460593,soybean,Low
148.35690433769747,66.39155798050379,66.28798746701193,26.464202531683004,73.747330783671,6.847541598941998,151.32304425428993,sugarcane,Medium
81.07670048977974,64.9211393372351,49.264058347081644,24.67178062183982,52.42779770912909,6.915678880069963,66.46217175889781,maize,Low
72.15892459722889,48.1731417629269,63.15048145972191,25.056333170163843,67.18234709028783,5.986977322797885,138.74998144055422,soybean,Medium
55.16638269246419,39.24870079416772,49.07607603033994,20.96311624501556,72.61241662463269,6.497105074620186,92.25069079209435,soybean,Medium
90.73290105488556,45.48710029444659,36.57609974631893,26.375673507943723,79.42356675324848,6.417319211614555,224.89190012129134,rice,Medium
73.53753197562992,44.2813543827977,41.41415893164955,21.97862968302157,75.66029730623814,6.2402177227340045,18.621623085686863,maize,Medium
102.85953386897536,61.295726969209795,27.609713157669525,18.59187679689362,67.49046938754307,7.228617260893954,132.4989343644095,wheat,Low
79.84616999541062,52.34011546609042,57.371994269951415,27.030854868705383,71.4217590678236,6.045967087833474,232.9633587757918,rice,High
106.09916077068975,70.15696858665835,49.105272475805016,27.174510281472305,71.76407877902845,5.907684796634576,100.35588037542352,maize,High
52.40419091414199,74.71325502400882,61.3113301674976,24.71050153055644,56.107314642394776,6.623742163886175,124.503082239635,groundnut,Medium
70.73299079276994,54.56933685638062,35.191102387027925,25.081106147714582,60.714839302540085,5.907975079263754,138.131959780211,maize,Medium
79.1794331755112,49.19323631364642,44.00888909578451,26.7148861244826,66.19354600739166,6.0184334698337825,143.092885586766,maize,Medium
121.4328656172035,32.31041441549473,32.96886792018694,15.014554554439862,63.547974702914665,6.871390665554156,35.57337383892863,wheat,Low
93.61129769232852,76.22019737016474,51.78611574757853,29.714849214300905,82.12762946041637,6.880885977854096,232.35332050395854,rice,Medium
74.02329505386942,41.337303547743986,37.685853574088604,30.17062264705194,85.34686183811117,5.675265507059937,220.41410479373522,rice,Medium
97.31360072475766,54.74983737315108,48.31426906981374,13.951271365345404,61.67828985675783,6.8445490407360206,90.8506852768058,wheat,Medium
96.06010719525749,45.96335665506636,51.523657555377646,23.566509944382787,66.79387795628233,6.155373056358869,81.3393373498275,wheat,Medium
150.0,46.65183107000182,66.35159920732403,26.5724595038753,71.98018901414702,6.1098649313234255,167.43039301618938,sugarcane,High
102.26028515976381,45.002476751080486,57.90358343348612,26.712888255722003,41.361712753679086,6.70801274154051,73.80114481680276,cotton,Low
113.68160481836112,46.78909383381708,51.53093325327362,25.028533933145052,73.35731652665605,6.525491888790748,144.716272263385,sugarcane,Medium
50.32654779812003,64.07739626567076,73.24797007577423,24.60523095690584,58.554772943634234,6.3271032703285845,46.35077418812545,groundnut,Low
95.96253155314152,27.089274055308884,36.52165938949547,27.79514137670713,52.89261091904397,7.1123468648268595,72.44326519793684,cotton,Medium
53.00238708974824,50.09301358096016,41.608173520919934,21.568986095382826,61.65592697093264,6.911903265723613,138.78727677155405,soybean,Low
138.3195806219771,35.51298588916039,69.15770760851588,26.651112131429436,73.51542448050478,6.892389257764803,133.383041136312,sugarcane,Medium
126.68816275311919,50.133959601350945,66.40776956902397,27.634725266510724,78.93147631234967,6.912869591190672,192.28819520868572,sugarcane,Medium
58.02449619210135,47.902140915149,64.27007339726003,25.323939438655128,68.76602593238229,6.508277033141704,98.87767339117478,soybean,Low
126.40817359351624,51.72241427536897,76.19188713372887,26.358751047386377,74.35487454047573,6.525513758060055,154.941147188562,sugarcane,High
32.7508045526852,45.37523574481611,31.362257957735302,28.36901668140353,37.26196209615147,7.2375603744908785,67.8096858774867,millet,Low
54.09224549637704,12.29264704340472,25.779909085874742,26.32704367413971,50.25444662807584,7.23171786093373,87.1671433286121,millet,Medium
58.3536948963891,76.01936074060372,55.49592198252404,27.512281495831825,61.229193034372955,6.8748204602665535,97.97802104671354,groundnut,Medium
40.65135113224616,43.971701739683084,41.42193638377405,27.67108886746341,73.95208187260586,6.888877672042718,65.0988764957527,groundnut,Low
110.56759809737085,59.46868024850623,41.00591953515233,15.797478603664512,65.65596445130848,7.382328928858707,101.43201011538103,wheat,Medium
104.96276956923367,67.41201725757603,50.55300449364884,20.0368409632867,58.50078120850064,6.735855967582068,88.77426647904907,wheat,Low
40.6453672752269,72.80961421284823,50.824125404853,25.475866886210078,50.02927765103301,6.05321061742698,69.33771560724414,groundnut,Low
105.44797203533813,85.2804799767947,52.917424653594125,31.666032836505376,85.7755671694425,6.760218347899393,180.440151936011,sugarcane,Medium
107.49736649944151,42.43700845994677,55.37098061638364,20.192126684270686,80.28925418283956,6.419634293608442,96.66043453606598,maize,Low
31.01160917329942,52.30563162696618,33.113745877037715,30.646635546561,41.84727616815538,6.922698386057143,83.20096857812817,millet,Low
37.61333831381675,35.52054469060268,53.70846121476089,26.838834923598586,40.55679680446129,7.246027705719401,45.80161734095871,millet,Low
146.2671628728593,52.45732562562109,54.40057238189225,24.643640625331447,80.59710241511985,6.726555492141183,218.87636103451246,sugarcane,Medium
73.78405008600154,52.39122728333116,52.11721509562061,28.132879904610476,84.66557986891624,6.6637319213457,205.5613533672368,rice,High
80.66049868171727,59.540247632232735,70.56235675208336,27.666516458619977,72.21993324446278,6.655130936803584,138.57771523856135,soybean,Low
112.98949359382378,49.612677270768586,43.9549832862822,24.036670645245508,58.42667526172483,6.848040741444148,92.03318462444376,maize,Medium
64.58664867431281,42.107897723179775,27.107349424872428,29.612001143233073,50.417199793066345,6.136247876456752,55.951136516333285,millet,Low
114.42923318356938,28.438782501421304,24.559410727738143,25.191779496666328,86.30525353477577,6.22963791216791,280.0942820838411,rice,High
59.84398994385706,23.28929042453747,42.911209472409595,26.322605096853028,52.49925025975597,7.16899480014567,89.64888057509273,millet,Low
150.0,43.27163059019547,82.65150144751206,22.288593019745285,87.44751814657405,6.6337279553651385,218.02680430116337,sugarcane,Medium
52.83890652603276,38.50720901831046,50.83736842658262,27.949535442997064,65.09912060955206,6.9183211662798065,116.32617075531545,soybean,Medium
41.95194157147063,41.95021762862425,48.322410665800284,26.425968351726777,70.05502425339938,6.415231207758584,112.87388332525559,groundnut,Medium
133.83720952454686,46.013551312774915,44.16042574172877,24.788000781429467,48.72543223759796,6.806196985941644,97.21239936403916,cotton,Low
99.68226271711613,70.95905667966552,41.30666118056399,26.57329720405971,82.2786192889369,6.498501426410888,165.60575436080325,rice,High
73.48562299255687,83.76428701841424,55.784477566635786,23.60860819105036,68.24023683555355,6.837595700847679,80.92162404966905,soybean,Medium
87.68207444764066,26.49776677922606,54.66582692316456,31.991297033136448,54.035302492212246,6.705728502169982,46.496877608630356,cotton,Low
42.94252633688825,39.44728433779467,41.21128821163856,34.8833128738744,31.719454804754427,7.071504847025039,76.51904417851891,millet,Low
32.69010760201044,52.250918759402154,77.80824518737833,24.865940795679432,61.89003765062799,6.628202565039455,95.89864444535394,soybean,Low
108.75953382472402,53.63429649571051,54.3086611217644,26.14490493986761,48.640850823986476,6.961612736673436,28.191120457600043,cotton,Low
79.1125927446152,49.582016054886644,60.51927055810616,31.448462092031107,42.405266258144295,7.1323998159846775,90.19224342092943,cotton,Low
135.82557989305658,64.21107974235407,48.673922739826146,19.22890835605198,67.8557820741354,6.784842767313267,92.03196055140496,wheat,Low
72.83581389620832,53.09121028877755,67.70630112999682,25.77223300653098,66.23909014996137,6.151288395390605,101.90947184489553,maize,Low
93.41189901906193,60.685713051389136,25.71020118526527,23.65024012299129,80.06763090276594,5.707654273426418,252.54068869478678,rice,High
111.31087143380182,39.80735152901696,81.0028839219988,25.089186022275285,44.17707288828769,6.831497478070027,83.71951587018263,cotton,Low
38.924235705816706,20.41832643840441,33.83733649352184,27.146611179556917,41.02292780904051,7.308774010975358,45.45070387091441,millet,Low
83.03393606535919,50.54473071902276,54.400686111391146,20.82257981362821,77.93461208598607,5.807533787544127,267.7643761218949,rice,High
106.66297490936007,63.21587549282914,45.59854373740152,12.671964737854793,73.51152790048685,7.353812819037563,96.31422114991558,wheat,Medium
29.212154175039323,4.957817648208749,16.996009998862878,33.30519623600634,56.686549746312906,6.120603466787697,62.87261667976395,millet,Low
4.027553571236538,43.09882211557967,15.995998285651531,33.255067260717354,59.75071708158818,5.937996601040039,121.15824527687361,groundnut,Medium
70.51977672460374,39.140626004743204,23.315503260818204,24.502710317402972,77.29807678004533,6.65796422241073,83.81226337788605,maize,High
121.8323429551895,57.38958312661376,26.767560408551837,31.29636272084329,84.42989026576574,6.567144778821911,169.56464182659818,rice,Medium
122.22798914999714,48.54115443910253,48.18704344589746,22.41741438623187,71.3490174552193,6.601013688626184,125.03859650114441,sugarcane,Low
76.5118953316958,41.786099232646436,50.48789137304119,25.35620351477901,65.15220732491333,6.579189612052039,100.87571511806702,maize,High
82.88524163379853,45.301160271727525,63.06074446329996,22.873777660548114,67.60936131253037,4.824653883428622,107.06367385333343,maize,Medium
47.70512823689959,52.062145376621764,55.895536117802166,25.40021023064475,65.94322644346879,6.416471806779574,38.243161387165124,groundnut,Low
94.97970495853522,47.2859961573488,53.51342180566847,19.481991361957892,87.08453006290253,6.1637866870783355,198.58687256184308,rice,Medium
53.872393185651056,73.7702473995869,64.83968370816143,22.2108939392688,56.11896046320104,7.021985091090306,81.74868161889998,groundnut,Medium
105.72815885726908,28.032820504379014,44.43374684592865,31.234376187384314,54.31026321594038,6.285387723847185,76.75817369928498,cotton,Low
96.97762699078723,49.921744217246506,47.18553267474292,20.691198590661397,75.19900033022978,6.344925731830073,106.28804978348765,wheat,High
99.49112161108137,30.862928502040013,45.04839557222175,14.416431180701895,67.28642629435787,7.021355593229771,68.87115103934603,wheat,Low
150.0,59.90332897076701,51.62949669029862,29.54206019886228,76.03755941481728,6.635966570684869,169.57177223153718,sugarcane,Medium
117.95553783498198,38.56529492048325,49.58522912187436,34.11163191915507,56.17661461956779,6.980695461918418,92.7633844612809,cotton,Low
47.56559238955721,31.60414605885148,9.644205178605333,28.290400243711627,35.273248137397054,7.473655491543839,33.03144974438038,millet,Low
108.44321290261533,39.442227757975346,63.84473334039329,15.772547302384847,61.11755331705705,7.474005711483404,120.77186282886838,wheat,Low
92.69841226730217,61.70402743613519,56.019799272027754,20.921129557413842,81.4099622392315,5.7585642731136915,180.45635571396332,rice,Medium
42.485527117674536,43.35600838966417,42.37251286539194,32.72281756215442,51.77081140964816,6.821810010744913,30.737974975006026,millet,Low
45.52153872141685,43.42249691203139,11.90897838283275,23.27833400093359,43.38580498960673,6.619286050983591,30.85654603158087,millet,Medium
114.43899860519143,41.62514601663948,44.890184019601385,28.62358150320124,56.06078137620881,6.174046468207438,39.919578834647595,cotton,Low
78.51625617907709,58.24912106151805,43.93746942500385,26.053351432909285,64.6304094670967,5.847140343713598,129.29294131594204,maize,Medium
103.93764260781046,40.02153847453729,51.4124890215315,29.117944559440165,56.331945016921,6.997390030854708,118.5684091819944,cotton,Low
112.60920812619217,32.58189949479797,30.569923321809622,28.049122725793882,47.10445810798755,7.072403876852031,23.60521672263131,cotton,Low
80.26083682400989,30.31271679885292,45.40900161911071,24.862616777037537,80.77851783938583,5.794097307722853,196.73276344205425,rice,Medium
42.6807268650393,57.91422179436755,66.95145913871687,23.997847836919615,62.8810476102205,6.432457532739848,100.43647578407915,groundnut,Medium
60.22224014895758,66.22593275054135,47.7368977867242,25.424677800687384,70.62525053135694,6.6582790026432015,98.96793250172101,soybean,Medium
74.22329451960445,33.216895129475155,28.25612794925535,25.801221885674394,49.078141979610336,7.291139025861733,133.02483914612773,cotton,Low
42.53679323937759,7.337719047415124,17.156934719827007,29.79853359561254,45.8935530408534,6.830353080985637,38.041472738659074,millet,Medium
36.81410939045709,27.802910584664588,17.638534736438693,32.76567873990375,60.74923280307667,6.277185756005298,63.98759841308016,millet,Low
39.14543776332451,43.169072249072485,28.762463251783494,29.020774163131144,37.61256635422886,6.144074646667986,14.366758551588454,millet,Low
55.57853888661701,43.15300921561344,46.175133205070246,25.003482960162618,70.5336409088639,7.089877594138273,150.61129519929534,soybean,Medium
55.08588710861832,59.1513240157608,48.439149904597606,29.13468954001045,73.4262970716192,6.3752691788501785,137.18843360528064,soybean,Medium
97.05215431749758,64.48160663196302,74.05307964410204,24.318957768134393,49.56075282602535,7.860633464412142,84.62406468355216,cotton,Medium
29.716681427747424,42.13293292715308,43.855164213606585,28.147731248386428,67.29400099177812,6.573816038901716,65.95593948066995,groundnut,Low
70.75754961919934,48.2276749037916,32.02569590264639,22.822337248504017,67.39356497744072,6.062492639909797,104.50049473930088,soybean,Medium
150.0,49.37043140647045,53.96203777144372,26.39108395770354,85.84281253890428,7.028741949460883,159.98924620377332,sugarcane,Medium
133.61564916793168,62.247004497800496,78.14481538969744,25.327322927007422,66.80131108341915,6.28395380689353,235.6463458183743,sugarcane,Medium
58.55726463218075,75.74649592321839,44.390690307640945,26.636898852981428,61.92464606181274,6.036139189666785,82.40193380961568,groundnut,Medium
105.61186566296571,59.323180308257946,64.2949807334299,26.35555524693113,53.77855230103839,6.20651037685931,121.44236949666835,maize,Medium
47.93598117825874,56.98048763845287,51.90259583791571,25.418245478039218,55.40442993635712,6.448065469660238,112.4777155062624,soybean,Medium
82.99496890752044,44.01215292825066,65.93833687948192,21.99799985635056,50.06467252392869,5.989757358159043,106.16367061108909,maize,Medium
75.53347601666114,59.13556605561413,47.280264517204294,22.41805260425581,56.3046904406663,6.666215197534801,81.36860830092114,soybean,Low
97.34838755326327,31.41658041363504,34.106155034294744,16.450711068337284,63.428267332575224,6.501368661383904,84.8535142279915,wheat,Low
52.39881264289548,29.653181718025667,7.511333967225358,31.120926393411796,46.99780389642878,6.710420741068886,59.08714293332409,millet,Medium
75.36519302978738,46.94202983263017,36.9556360639847,27.47592255172094,62.87820907639573,5.960331158342593,98.46109603786299,soybean,Medium
55.855651287480484,51.6500406432927,69.35130288922369,22.352186546072296,58.03344698631154,5.669795156406116,72.90349491633908,groundnut,Low
97.21231371710878,53.71998779798666,39.32093813320125,21.60159497542162,66.12287895878437,6.353125415317199,40.82325741032119,wheat,Medium
37.08123005440498,60.40644659322293,49.31771942134963,29.47041184674042,69.00990550749107,6.707137477867245,83.99003810778972,groundnut,Medium
62.66924686166114,44.24807327040866,67.25749724818452,26.846001627663533,63.0111084951136,6.379232656489576,96.7985147735135,groundnut,Medium
106.89075376158252,44.38327531693817,23.723610381517425,27.864715669568152,79.7823379837382,6.188294874526009,235.08401575608747,rice,High
118.41776554432086,62.84042060555063,47.14566170557217,27.006395981230575,74.85084323805339,6.334174763880103,146.75015037681067,sugarcane,Medium
85.96063543078164,50.02139649325531,32.28945949952518,24.751884696309908,74.46856805512094,5.990318472658839,92.069325003896,maize,Medium
48.715667673577975,57.58654762011942,59.25827037051343,25.83537636834223,82.68994360226048,7.127696472513883,98.39047702526929,soybean,Medium
98.55919495829296,56.618215926394335,41.02429940180013,25.163111209004576,80.321438989025,6.336020517827556,251.61487584206844,rice,High
90.5487353500812,50.04707086934141,64.79440149664057,25.375398972309032,57.646730732207985,6.227711356352918,76.86125077718023,soybean,Low
115.35361690402603,66.70402881866511,65.38731261831597,26.262393469622264,83.67564576383663,5.889693239634691,186.93199240598025,sugarcane,High
150.0,57.94283017473084,71.3956979833984,29.868002007460923,72.68016498477242,6.146428164568948,203.54648755197977,sugarcane,Medium
120.94729043401446,56.70305065215903,50.26266585397802,29.157132521594356,48.520879207284736,7.017340814529193,115.4758902841816,cotton,Low
119.28181459491302,54.98991955346412,30.397239475917996,22.076756200384935,73.27243475130736,6.539831016498142,130.80683854773744,maize,Medium
89.93277358712895,42.470951186883525,59.74627860240672,23.323519729996093,70.3640935327227,6.1751712271789065,83.23612543345128,maize,Medium
118.34624600642988,46.89374719556202,44.23005962028255,15.526457515416979,60.1312822140824,6.377376942895899,76.77555729839962,wheat,Low
107.51247386506317,39.45831438389528,48.90950696311144,17.84067959490927,60.592145571694005,7.178084613844593,94.20038351331321,wheat,Low
119.65503129533737,64.92812127483944,76.47762775861607,27.78748945625173,55.72899893802702,7.299287062388692,82.69248622766546,cotton,Low
87.43552976281065,42.70611328861251,23.81534895564031,28.40935277636249,63.02183821684803,6.831266421582933,44.79200845613295,maize,Medium
140.81290761884105,41.77384886843832,33.00477368791271,24.381932885775644,47.912234128817786,7.117832960317451,8.749247267070444,cotton,Low
43.6828747254772,54.94988038160165,15.890268235929625,30.18446006123653,40.7906770315185,7.340989181188343,63.73854105108995,millet,Low
68.75904661445225,8.925237186245077,40.86143019803267,28.933399329694026,44.8756227708514,7.180680179909407,81.3632206975197,millet,Low
34.269936463579995,33.026777759031575,48.58701544101844,29.566011342529997,52.51223325999317,8.071556436231873,72.4199513174547,millet,Medium
52.37052611179146,67.02975580265587,61.8583683628089,24.888459930218392,58.15320825677031,6.340628239574326,110.24615152798567,groundnut,Medium
76.65169654907105,67.09553278492692,63.61494319713275,27.19612881677881,65.9356358751107,6.496565102542211,138.05749706942407,maize,Medium
109.21959222333258,62.11664860339626,55.33791519457377,26.960939221065797,73.7182266407732,6.628212813641239,160.96058053195608,sugarcane,High
107.43985658874294,42.42018170583627,48.49443306165639,25.562268361076132,65.37754832098781,6.4575492872658975,57.21945648638644,maize,Low
150.0,37.70389905141556,75.46958202524934,26.123145265569452,81.6696093692981,6.45439432831019,181.3147172983389,sugarcane,High
136.32953232150186,45.10319224597165,67.04162220882786,24.636866841795175,79.32077512492666,6.380278838227072,119.07547877668826,sugarcane,Medium
114.3090877104114,51.32458606907253,42.820647989625826,27.80568322060637,55.74348522146382,6.695974419961567,66.25187918839136,cotton,Low
49.242422401780544,28.096307687482785,20.73296314940165,32.34270304022781,50.41624375840645,7.24295920575336,77.62026694330405,millet,Low
126.60161777936493,44.97741354495089,38.439243905617175,24.5277526293537,39.153308232618926,7.227506388339527,79.04190410756568,cotton,Low
140.13236270898204,61.930203455286545,66.0790520603673,27.97368413793498,88.06343755784674,6.475563203666636,214.843434208594,sugarcane,High
61.96301908785381,74.21692678448017,60.90924806985,25.557385435699544,55.82507586758603,6.878460088610451,66.63477718524422,groundnut,Low
60.79965419462806,55.561251195851504,39.015332461711324,25.225408129919224,47.66164235499346,6.769431994600274,48.09151229513969,millet,Low
36.80965398542322,56.5475653424506,52.0027286555154,30.768689998587732,71.08350225325105,5.272678285519129,74.51000049740775,groundnut,Low
121.12891308937898,36.72974618292518,65.83156563798299,29.148658145958006,78.78858873063659,6.27903984187696,272.69576262537305,rice,High
91.69972958510489,48.47111753132048,46.23174634247597,32.1323828971216,67.49003771596827,5.7371651220863935,73.67547933533105,maize,Low
43.049790401173034,30.500174486602905,56.53599634321839,24.88923023237634,44.9470700467721,7.580750946746002,83.8145729795969,millet,Medium
111.3015705076086,35.427188497660254,51.10604797638205,23.85553891184374,76.15523459990915,6.5224662753114675,193.6480959784203,sugarcane,High
111.57917935864516,41.807229914135604,31.963437687710233,28.237143406450837,52.69475175591106,6.503389183558148,84.57532320778705,cotton,Medium
103.25163345643944,36.832369668405875,32.93359807913565,18.886873466241283,52.866859604633675,6.332888179492826,126.92336065295686,wheat,Low
85.62318111676213,40.99494223806448,45.021004662556074,18.58445600129788,53.90408337844846,6.923962102718575,51.45145452096721,cotton,Low
135.05354895964925,60.427292531782946,80.10763552614675,26.654373296213187,71.22561346900619,5.832684767417339,177.6689640542309,sugarcane,Medium
94.45115038485604,57.915799976988446,58.08220165224536,22.11403708477629,65.77989104911813,6.218615543567878,68.91072257878689,maize,Low
59.323525101900074,52.3118183917763,49.38473090310169,27.26860974922992,86.92326217599978,6.209894943003459,56.838396968293914,maize,Medium
107.11577604932134,61.625495016758116,50.635144728856474,26.722997956120093,85.02115400442337,6.367034392271691,179.8235695421765,sugarcane,High
101.11301816929229,43.924868498534146,43.01526399088385,36.595636069257885,47.78405880445442,6.758317444596485,150.60551065988008,cotton,Low
115.69549516125669,36.26239366120958,50.703307008461515,28.346790216039725,54.761868093308784,6.946603220990348,88.0396135093189,cotton,Low
45.55638512904684,21.244105412470557,17.66407112139073,30.17385487136262,39.763175832568095,6.345078670277638,55.76178813045038,millet,Low
114.50147298451644,31.243855283775744,48.631625582868395,29.31657779887395,89.12218183336228,5.742798034907807,245.54920888116737,rice,Medium
88.43326172193792,42.974139321719875,45.84062595735818,22.838952742560938,75.59318247052484,6.884245349032771,258.012303678943,rice,High
52.451066351635774,16.103978321733216,55.97871106921749,35.42291088899106,45.11533250108439,6.366677403521011,60.976967864189696,millet,Low
60.73650011358149,43.86784794203338,65.25552772660843,22.536089153345817,52.955148321746805,7.189009909218763,109.1046904033891,groundnut,Low
52.63163378074331,63.09406039785786,46.697810751363846,24.184000083075592,60.02348132044036,6.606884262058022,134.66469297971489,soybean,Medium
45.694150846217205,49.9657546255401,52.82312758339372,27.001835143997116,56.96073626767539,6.744034027097128,103.88449140374422,groundnut,Medium
120.12289607108116,57.08708214370183,49.81946635341434,27.52173234944395,82.7993237382359,6.651960317415775,204.7687385409535,sugarcane,High
99.3850102164751,34.71410932300461,32.14929002326665,26.03900567563372,90.7212044629439,7.288067666635848,209.41372667048176,rice,High
99.97471500688644,37.43410917571683,65.53234571028945,20.19558958507406,66.65392692409966,5.601413309768386,102.05114697902977,maize,Medium
81.11648959500684,57.92451710806641,57.33285086132685,25.492389233145083,46.23303351361026,6.7993792399263455,149.20934014064858,cotton,Low
47.89576204437172,11.78458641788098,51.35594264505227,30.249570634145513,46.57894769787753,7.280124065914809,82.56005252403016,millet,Low
123.68008203579046,63.968721831031246,61.19014858666446,23.824709643007534,74.6112265386442,6.279383116556939,68.01903485116958,maize,Low
100.78990191007115,53.92796961434745,73.34456210523848,28.63216208822788,85.05806433702872,6.713907755129885,135.47168304688128,sugarcane,Medium
77.87259595660218,38.97891547698556,55.98482541242489,25.340984336487463,84.14267542907048,5.992691912690542,279.11576178966067,rice,High
54.97126258905483,60.51844858422605,42.54645432378179,25.234381596681125,72.09338731348345,6.450163471790338,145.2011511885887,groundnut,Medium
51.98817537580656,68.5174930855499,51.686676838481,20.492726207069346,64.49801179544679,6.491432682019066,128.00349365733518,soybean,Medium
51.97972310786715,71.06323921542428,66.07640124682875,26.101870655495503,57.108526429197504,6.973195310683831,109.16139899624272,groundnut,Low
133.42723266577286,53.966054750806066,53.243027075371515,26.177479139033032,78.87370198096134,6.481359180059208,113.77882496300155,sugarcane,Medium
107.93815226922756,29.660318737800647,54.84278877967181,25.50749908838787,60.87400909158189,6.327734864686139,57.195202696559726,maize,Medium
100.13175482347222,47.14780019646819,40.91930884541991,15.797300034086886,63.86776290129722,7.093419125402346,129.95804519102583,wheat,Low
29.34962369777348,67.82496284825889,65.07070173602548,23.077819529245335,44.386059127916404,6.355839534439365,101.37688939300926,groundnut,Low
127.90607309326373,62.28154030071562,62.94983066179667,31.113171641415192,75.1749010192663,6.730764583168715,202.96406706510948,sugarcane,Medium
71.61351505496488,27.427501437482157,47.693421822719664,27.197669367815838,85.88317563821644,6.829594705316014,200.67254150802503,rice,High
87.40716408371996,47.84582510153024,55.73079329401122,20.9960560374061,60.62248875654698,6.507287580178165,71.3614569414982,maize,Low
87.9994215340353,49.23770510461574,54.84925761620967,21.28940770143265,59.9945817000303,6.718807745041737,57.018820135030815,wheat,Low
44.89571511768341,76.33244833119369,55.46673419483493,26.7385518328879,52.65347090137279,5.894451375706514,52.751594883994436,groundnut,Low
66.57043082809894,30.82649567416523,33.47773434679943,31.479955392297295,33.51704938362489,6.458599655657525,31.125632608098908,millet,Low
131.77525098482766,59.69861410312112,61.64809589478126,30.93751461886792,83.63841289048263,6.67128229818266,153.37897674512013,sugarcane,High
50.05515058093429,47.935541997318765,39.90654358927529,28.532711242448393,72.30181450495847,5.735608648581897,138.53997818331635,soybean,Medium
89.47932345442135,30.975863548565616,58.71387377418024,26.18069062982308,96.77945267491171,6.320618936933445,212.3055614087551,rice,High
112.83839691883678,58.0069417691509,44.661385452753244,17.541259452727452,67.75370798069268,5.728438157395309,83.1420965842622,maize,Medium
75.96841946933107,58.03178539410039,38.56843865863142,27.539317394528247,80.4427199344965,6.446146993605222,249.5524192355001,rice,High
59.18473088399696,43.99566365511052,31.277096269355393,27.61511539318413,66.52226327937937,6.4654460062594,144.5250394905309,soybean,Medium
68.96512495057475,40.28786630287413,25.749482860014613,25.53351187361371,24.43881961135718,6.698125733099074,80.54008823575313,millet,Low
115.71866982743148,39.51272521985764,48.84545285551305,30.344074359419544,55.41898214982055,6.819432039969211,106.13650601205632,cotton,Low
62.26651057660343,51.883923410837454,53.18441152276351,26.441032500838592,69.09647088036418,6.317882991348594,67.21799857742604,groundnut,Low
40.87722643481546,56.8218291129251,33.49615181529175,24.583166947403996,79.11977483301155,5.952346935047322,129.53569308726154,soybean,Low
78.67383146490732,80.7260355122682,66.01111130312572,21.940383740538692,77.3070084413084,5.785600117393402,132.06376964182877,maize,Medium
116.05547740344895,65.26270906326388,38.67024927665095,15.79439689571026,78.24966601645836,6.800915174457401,83.92347002797834,wheat,Medium
104.18625787517777,53.49876412018367,19.711940468722577,17.927301498390925,74.61960998386458,5.5293184747216,62.61823702892988,wheat,Low
101.0526584563865,41.62406931458144,45.803888606698465,25.935898116954693,77.51672992511305,6.55361815854442,123.03038958908233,rice,Medium
129.74264122295034,37.61716975742848,25.26313491172514,30.6894990106005,33.07658862372055,7.108491996257817,109.68567879205,cotton,Low
98.01758472720826,55.65186511048603,41.1519884933137,31.987002469351893,100.0,6.126721352511845,244.2689223654473,rice,High
99.58498352963893,41.22494517424452,34.22808737669935,23.61336786393374,63.927249557507444,5.9603580596039105,114.5607972265957,maize,Low
53.068260543002154,55.65202791358471,33.96476436138375,23.383568923308648,74.47756638304803,6.046348935008627,100.40779357197488,soybean,Medium
0.0,54.63330768386972,54.72827043836351,27.688159580246236,52.17540589869158,6.7179096153841344,91.8093878903723,groundnut,Medium
68.40793927305769,43.54715139309829,35.659153237819325,23.095613553687276,52.09495984868249,6.6578094420647504,130.49187744524795,soybean,Low
120.00598209092531,21.459323111122778,45.64025589933746,29.38124694952847,53.88366365657677,6.808610982476184,86.41958143311807,cotton,Low
32.65577061206464,12.437962760347126,41.55136289653959,25.036298787008924,52.89211203043361,6.807492268166376,62.40746257911122,millet,Low
86.4899292623128,38.42959914292106,52.96067270967173,18.973020630044605,60.73819601426477,6.256992984063226,110.99159661077972,wheat,Medium
60.09396536142817,49.48867883817086,59.7320279096795,26.701357735372245,72.66462612277823,6.53341158464357,233.2352092885783,rice,Medium
101.17865544578724,24.455190867022253,45.498017377464386,19.284950077125714,65.61725196974173,6.733747435872947,75.15471479828237,wheat,Low
108.97498950302142,54.74448417422799,41.24787396416069,25.39275371436901,72.8730841524281,6.45881866795296,117.17335918465305,maize,Low
37.941824454336995,66.7609194098656,53.04505367948518,23.231069304877717,60.7512518532836,5.60826812200144,97.50437623211303,groundnut,Low
94.00151406803295,53.23153703096881,39.46128363852956,16.851548431161095,64.01016842980131,6.326387776710976,80.0580076596349,wheat,Low
42.55351222423418,30.189720157619096,22.068809204835812,24.715687983984605,51.744268354090174,6.598314006952476,156.5744112135522,soybean,High
53.526470319104256,59.15239224417631,53.21524494619128,26.070155375468545,68.21755830594287,7.05394514046414,59.80562943939009,groundnut,Low
108.57899235841832,44.10319635088042,65.43647587886471,28.027042738509472,89.53334736161672,6.37222262020473,194.32244025122912,sugarcane,High
138.68592359042006,60.60509132792289,75.63514106334974,27.0147013498394,71.50295682678994,6.718136744445648,112.61582255943802,sugarcane,Low
101.53726963237311,44.20606891031698,18.626099026412398,15.298228942391816,55.93772038985804,6.4622703851267715,98.75925540965845,wheat,Low
115.4367482239179,33.881272565612406,52.18604753254522,31.04617698602567,45.6253495962198,6.640851084141392,105.67651067182544,cotton,Low
97.90904199005149,58.875837820696056,17.087726949912486,16.549315548460388,60.102664662761434,6.656788248101205,102.2801916352999,wheat,Medium
116.44104861216098,55.10385569996132,21.460751839878895,19.06875836611825,75.09215402028413,6.5068124403504966,73.32027288056237,wheat,Medium
71.19474783838689,64.19804520406694,59.410042084693714,24.439085461548157,53.761878226663995,5.828145800917348,99.59376824329718,soybean,Low
52.27470604479943,56.470868299336395,45.149932493796506,23.93793669692512,68.78588642818741,6.18757633184853,30.727865667339046,groundnut,Low
68.06048137402237,63.07264585432169,42.46041809578696,24.434569543316528,53.5690707964027,6.432042719332961,150.7202448714885,soybean,Medium
94.67214878836815,58.48677648565132,62.70134837171827,23.09134426860302,78.76879835611406,6.888634033027957,94.2008732065609,maize,Medium
51.20658458578501,42.44379957175096,56.275658886763345,24.305351518164112,82.33507227853049,6.67923928534041,134.08849779558486,soybean,Medium
103.64463924633986,34.130125897789405,43.54425765413654,24.12063324878509,55.67098001408747,6.429033397900285,52.98981676803746,cotton,Low
95.28579909479946,30.750236432630928,67.20350023785136,24.42107988694259,51.85819009259346,6.189607101215243,70.71344947280787,cotton,Low
66.43091989941102,52.54831349679801,58.12265845376859,25.397524290526544,50.51360337344255,6.602279815219257,96.76928538429173,soybean,Low
72.34938182022123,47.35354125012155,42.675535442340454,21.584714456908472,69.50780608814482,6.1958763834914246,80.29931963117761,maize,Medium
60.756401462091645,70.14733468806007,61.10965569915271,22.551447484371653,66.21706975091293,5.78764734396788,76.72077402506015,soybean,Low
85.53654744960012,61.50848175973943,43.19933295560968,29.568411466773924,74.63435310917805,6.4804690969243595,243.8960027939943,rice,Medium
51.675640498412804,33.34707716600932,38.758116421379796,28.70632278448359,35.140364873358195,6.839905927151178,67.34093585859935,millet,Low
62.65429976909718,57.0445182886944,49.73909334355952,30.371305478682217,51.008791000616924,5.633652389476621,74.47101891386927,groundnut,Low
121.76391322418817,71.68635972365462,19.80809567052777,19.201444159518985,66.0485214897268,6.321882494560302,88.06391348185016,wheat,Low
96.75245261258276,34.57290799092767,55.56079155548811,19.229574507959107,62.6827912199835,6.623705879296794,72.915732191116,maize,Low
57.353191797629606,30.206634992766727,46.00366274231793,31.847498210714484,35.305854340085084,6.159445326087944,73.53675308222014,millet,Low
106.71090905603464,43.98519070651745,34.617485961665665,22.99119849643042,67.44194501225083,7.365674915332436,104.6847924951503,wheat,Medium
124.18763027641849,63.550053305105926,51.72805118303914,26.46536595366438,80.69047949687466,6.7710562051410506,192.4008283531601,sugarcane,Medium
80.56104909460817,63.40473251899799,38.570382443372424,22.911885475453786,73.88397828493879,6.64507534999597,159.10563255128437,rice,Medium
125.00836167326706,68.2788634605471,48.82746396694896,20.70119576518519,68.60980255454807,6.328783653049448,119.5873416722482,wheat,Medium
58.77105888174417,65.35747641948046,47.53220960643142,21.330112479428287,85.63605970807384,6.901917672793746,168.78282590014868,rice,High
15.49358155640769,12.355438383891393,46.33845843417734,27.145903778281827,51.762242436854784,5.822116071120973,42.280748640002216,millet,Low
50.30524053453875,42.13648435784707,47.677451009988935,29.107183899527396,58.84535076519676,6.945408541383336,159.5850255901708,soybean,Medium
97.41045279424108,48.12808518988689,38.396338153854956,30.429621049177687,90.28054812488472,6.358321413374964,194.97749193961883,rice,Medium
51.20588241736185,44.14548921772645,92.15906675371059,26.50090287000249,71.6854426570331,6.442667862146818,74.73093360670657,groundnut,Low
66.16743324039832,59.263607518801045,35.14587526104705,28.616270586601352,58.670063421433355,6.158194455776083,156.99071734750007,groundnut,Medium
46.249885908228904,55.373292240450176,57.29108478106127,27.78596986367799,48.75312251307628,6.647315721324284,82.55261638141172,groundnut,Low
116.15391405526634,51.76607493155216,59.084662179125004,29.20895540767493,77.23704841875069,6.385071523652062,202.46576715172193,sugarcane,Medium
52.7974350400654,21.78497257030403,31.537186612307842,31.047957521877763,38.57297034266968,6.808395638802247,72.54796971242682,millet,Low
21.08725980411899,30.36322405330343,15.435453612320998,25.003613136107298,48.18586227753818,6.716213302093502,97.13344675835428,millet,Medium
103.94444849003139,49.949788420714505,21.307057216592487,33.54412057531255,62.925686772992684,7.19086850381358,76.9744742247609,cotton,Low
141.47449151106886,46.90189834362279,51.121492335000895,24.89238615935345,69.11598236917968,6.257522363984099,91.45489186773396,maize,Low
113.07487644601326,70.26979997018512,41.27795009844067,26.80975024489306,69.52754636210622,6.789841898258315,185.7922047446599,sugarcane,High
53.53350015711461,64.33059718628954,48.675201150811475,27.193112576156608,71.81953011857074,6.58805807614051,105.02094776615226,soybean,Medium
84.37205429514094,41.18741883892519,60.37972554004523,26.062659464887886,83.38420543431211,5.953455436784209,169.5934093930968,rice,High
38.718717507504,83.30095346462043,68.2501018785241,21.02028331248445,60.71058369823031,5.865993501740791,150.8996281057311,groundnut,Medium
39.54323205585193,20.758570713218962,25.8137760337056,24.22397462864405,48.61604294865958,6.466572294800041,25.7251285174152,millet,Low
94.8628249350198,58.596063728055114,55.12765014704742,28.504966754148438,74.47134840645414,6.6146101117148035,218.12452864258847,sugarcane,Medium
86.00540007768194,54.94343598874171,55.21909255071837,23.890259880369463,54.097563073228,6.784269821016879,100.54141757404673,maize,Low
29.126287693517547,68.48346011904651,38.435764775041775,24.69442000340662,53.00179020596506,6.250889682214099,121.9469130260493,groundnut,Medium
134.11058260973954,51.808909671130806,58.76821711859242,24.404543248637534,69.22733726882751,6.0456279472824335,215.3355088761918,sugarcane,High
58.450616675530554,21.96760513057496,51.01690888498693,31.50790977281683,52.960140636927115,6.503303781022132,69.21577696522802,millet,Low
47.3534811179777,19.8086284570789,46.45155312155151,31.5914820324673,49.77978347117409,6.476636567138586,39.00651768486411,millet,Low
85.10700998371682,32.65753682705329,47.995236064522274,19.53047240674555,75.18056130342856,6.612347658315836,93.15785498708,wheat,Medium
62.81387727027019,28.203828625016197,18.38812286053774,24.8588304598278,38.54177783991703,6.598350877711598,87.30657496551643,millet,Medium
44.41009051682889,41.38966692261677,47.389647393997414,23.397213931983437,66.6012133184594,6.290578502949019,170.39962838292325,soybean,Medium
108.34829686800637,33.9742211708013,45.83243547301164,12.276577326367827,58.11691991376399,7.555075062936076,79.6598616644589,wheat,Low
108.28449906519285,57.50757120375201,31.638738178845102,19.38961887629737,54.062897548318034,6.306990674092596,111.2043553166667,wheat,Low
36.78246149763671,66.61351924904346,43.48321198200479,27.50071505209472,50.013577585045454,6.696133369022592,92.35441172934105,groundnut,Low
52.290055825074916,51.662387940522194,78.94851984708615,22.082788781168137,82.06916483745518,6.0106771808853985,113.42507250464385,soybean,Medium
24.776251438013745,52.808366536515294,59.735729000279996,25.516143699016563,70.9782313075726,5.968210432170182,102.40954116322114,groundnut,Medium
114.99140717955515,46.71794138593672,52.851711875599506,25.035991545991177,53.822457993855906,6.973930813448662,75.02343615600326,cotton,Low
120.37876314964849,68.32813220864911,63.3047548097185,30.11432177939732,79.12204632884833,6.910960467008573,201.9076233590516,sugarcane,High
21.221166092898212,83.1161448686536,47.10450246801386,27.948743994938518,57.258257784974845,6.000896886936259,116.96065486182366,groundnut,Low
113.74565630276479,37.32203515249688,57.90265849418299,21.675111527808046,78.94475389451918,6.284342389212663,159.0075088752476,maize,High
87.85172865171138,34.34492667439433,34.27685983537056,23.810178120309253,62.72201086996827,6.350354612230663,129.5155703081844,maize,Low
49.41553591827882,56.50774232297647,47.01871154777434,25.374480707138748,55.745794392306905,6.379442029122991,104.90749463653032,groundnut,Low
93.35433968307277,44.24608439120908,43.55890654168914,19.22928838787849,58.111296718611435,7.0791613090156105,125.08424925312977,wheat,Low
144.5789551516095,56.72114724444789,50.083616576809575,30.016621497495102,71.99837686333927,6.063532350413207,165.56529755525327,sugarcane,Medium
86.56980516455464,45.10278993007735,28.050215262517252,14.958312143122388,65.68549729122687,6.9021535022697265,66.86438434851031,wheat,Low
32.04602410902273,24.082806468284474,26.318019067336863,29.734324523335097,43.007031972090246,6.538323165280643,56.88381835636187,millet,Low
68.76943886924379,39.95225612681569,40.887425801678766,26.88836083119373,83.56633163307933,6.106165146649942,220.20453826569843,rice,Medium
99.71666886312279,45.692499377847035,53.757275244410344,27.561233036225268,60.28168209896251,6.0102789863169335,87.56108473557909,maize,Low
69.42148285602966,25.637263225479106,62.654043929923304,24.670153246425468,76.69118371583859,6.884683392056938,213.08215760306308,rice,High
81.74194725762625,30.351450889030097,38.90231762823227,26.001583876569793,85.6072404935747,5.281527618745105,162.24580735465833,rice,High
55.87751432914159,59.4460241299371,56.63531827037727,28.951176033902094,63.54612604117105,6.387324671684349,111.43666348025644,soybean,Low
102.56872721716086,57.518460360043306,30.125252567037126,25.912817436693626,70.07015844195138,5.692412087674674,135.86594164260129,maize,Low
75.63586670760164,45.116307603519545,45.168059608456566,20.18891386102474,77.23755013373376,6.148894044991009,171.02243092081363,maize,High
111.3412220414991,56.114584826899105,56.58476981509405,26.796087048198885,78.5034480543305,6.146288335125479,122.44731366894284,rice,High
100.19175993196583,55.904171366802785,69.77064161822892,23.206362303885832,70.92607988874333,5.3460377964197665,41.75296598139336,maize,Medium
52.00722688709723,41.40392121062324,58.33053251534271,24.371414855448833,60.27979224727343,7.004380674192371,134.69884983065992,soybean,Low
80.64346558956292,67.96837624640143,42.71181119083984,29.32454845021255,75.76056443724681,5.778633774730538,244.5109562025028,rice,High
105.90095896962991,61.06466814078564,46.04396570659867,25.60151187154185,78.35977714617424,6.58115404263992,229.69455705805686,sugarcane,High
50.463783914746834,45.04050607916593,48.93385407411702,31.612895526115345,84.33768506422543,6.413851634448974,185.26829072494536,rice,High
104.00319448616416,61.49518466258821,66.69130209323116,32.806973706983335,59.413375742216836,6.466334734514424,87.1345622318178,maize,Low
21.14713015118553,29.79158390989082,22.96061117328297,26.095850613350912,40.47557790078061,6.95580254518451,64.01851413130493,millet,Low
42.691442819424,75.42910843812679,47.05972154840417,23.347171890918748,56.10223246665422,6.752322741393689,95.30950215058724,groundnut,Low
101.6116656151134,54.64845776759588,43.87822578949847,16.259951002038946,55.74867346604915,6.96707230089576,111.25198331043883,wheat,Low
126.05123377857413,44.308574435596974,47.41318856057961,28.610203192066262,84.97409132783562,6.345984400986491,226.01675620574306,rice,High
95.53009963309351,40.27993425207167,45.34493787521781,25.498645759049438,82.88028211859994,5.873225731605106,268.2603586603343,rice,High
103.14301345394192,36.900497934090765,42.80617630947518,19.47895937554338,64.5398579759563,6.884267386081244,116.88358504892244,wheat,Medium
85.21419096500072,35.447689718358134,57.91208566318318,25.51960161330008,86.02804045870279,5.899212267304472,228.52786512950757,rice,High
68.79167499552116,51.1354525360323,25.49347159725527,23.585752996015554,72.72908894339146,7.07689823790252,96.7908559042456,maize,Low
46.83455229725159,57.04958684720563,47.72266040518423,25.973512967112438,55.660824159459104,6.964488909261665,87.62364480691431,soybean,Low
14.29249672254793,47.46491378606435,29.457773658898056,29.361049746131513,50.76365516060856,7.547757909624928,42.82827548740028,millet,Medium
126.35907116033457,56.47274689246581,75.44336743339703,33.57552237477748,77.15310196594316,6.53400033917159,168.5991387386083,sugarcane,Medium
90.63481915430164,47.78569570812981,32.74306402554144,12.370341881874378,69.95769156772909,6.324133336363856,74.11594027935926,wheat,Low
135.98069202685517,50.55973040995307,56.64779703531694,25.31580262055722,70.39633986976362,6.596495797877476,208.91509656141804,sugarcane,Medium
42.51238641506997,25.683688011590117,48.247210821158546,25.39539381578214,34.30622332682702,6.496821574314788,68.94772592946855,millet,Low
128.53609164768378,34.7994144034861,40.63958116554072,27.202845928479316,73.47775413082952,6.338382115896068,209.49709105346594,sugarcane,Medium
48.1548119242091,79.22278549907978,45.54028882270044,25.29205970339916,56.0804478322083,6.5544098474834245,26.249342712091334,groundnut,Low
62.80652305833409,48.53980650986828,52.877562004903865,30.281884103873477,58.27652189864234,6.169995240637525,98.24019125636855,soybean,Low
101.75743585667053,46.85890051734687,51.671297419750104,26.570212264411374,71.1843857320741,6.129697758139364,111.83739956452658,maize,Low
61.73613380961844,35.9818660657976,31.837499047392168,28.951718889698544,62.966302803764464,6.313409880955435,99.0385751750886,maize,Medium
101.49120417577035,59.723198686611696,43.798151082240565,24.19336381891466,84.81264553645015,6.3207167599277865,180.06458243246834,rice,High
37.819617165912135,0.0,29.713548380286568,27.943458655641237,44.435843578180645,7.082821553241348,28.70291150089079,millet,Low
93.10514841590505,37.041890626622155,32.63694873564647,17.435215994741082,74.54490356680822,7.167565941863332,115.5378848195466,wheat,Low
85.39768314748082,67.80492692244448,36.18226922958971,27.529599761363297,63.33022293149919,6.31191846604857,67.42756867655352,maize,Low
123.97807168144512,59.62554150341743,50.34668214264373,15.96407081611769,62.45409977805904,6.696079943692995,70.47109054672214,wheat,Low
67.94139529570424,52.44750946552253,63.422587024711525,26.499016597851966,69.88963982607677,6.741747728139769,141.74869347674198,groundnut,Medium
62.09026811848393,47.400040941637165,42.597736002757074,23.833693748711255,54.90498045313212,6.554336699243245,146.20910973896747,soybean,Medium
34.47500934941235,54.23568393010374,35.86988409678876,26.62378907588502,65.20391711990749,6.709909356029743,106.61381035985455,groundnut,Medium
106.91900574417818,61.68346699313416,38.95716457310739,24.819032152483157,51.402879699629054,6.306410112918064,97.24129652187203,maize,Low
80.99041965121792,41.49967500248068,37.77952065324724,24.36685182642445,82.66553553825919,6.350279207338269,173.9602569031079,rice,High
66.26522107525872,56.120382315179135,42.086877353404226,26.060541953345275,66.5164788840694,6.555590260945314,123.72202228375232,soybean,Medium
89.27978984514353,56.25535886016577,43.860142496518,16.62645484145253,63.725102142832746,6.260781155223933,80.73543093998043,wheat,Low
150.0,66.1947442623257,23.777318753186492,28.86828288446739,80.60071465019688,6.980272397566675,168.80587075551722,sugarcane,High
67.82217014448858,36.3618694992635,39.47233474848255,28.215399739986232,83.02820968713982,6.079558521764285,215.37406870447037,rice,High
122.67909945563143,47.2453776346355,68.18381713188562,28.190150177913154,49.17287749406632,7.1805559575238,57.185295045559336,cotton,Low
99.59201829654133,47.22728555790922,30.697503549705,22.49139373898713,77.43092749629551,6.645627992855578,139.33486889810848,maize,High
102.3569187848641,52.11427787003231,31.997815396581238,10.885021917423323,81.33655722342304,6.489400343802799,97.38199851552172,wheat,Medium
88.52117801573607,45.22619547533817,53.49857307907868,26.505964015900183,84.65164389741645,6.764372951898508,176.38403690228614,rice,High
100.9949201149027,47.12247318751829,50.036721400862874,23.88277078731608,52.554940460745634,6.564729407067388,106.2050991918819,cotton,Low
114.11772799629955,52.302772830476435,63.38011173747776,13.016749753298482,69.02601651799604,6.673059803102986,38.414921188013636,wheat,Low
94.62075809256153,40.300217190938504,48.22952329494129,26.76121898448372,84.8061590305926,6.239193261388358,263.4314529975739,rice,High
90.75272172680187,25.699521035885923,46.89712678292143,24.129092919963846,73.49486328809805,7.148652522932081,38.04091674878169,maize,Low
34.882004009600564,87.64907740259028,59.49060081762974,28.62863773796499,67.9223963767962,5.679691719230946,101.14272850338418,groundnut,Medium
112.96513350431368,9.740742382455487,55.140234965257385,31.43069813478584,55.85195184232074,7.180812129466931,58.91754221787619,cotton,Low
64.98931177171558,56.22084647007912,29.83064450107218,26.08655296631408,60.80085947490812,7.127874272391103,137.12448784554746,soybean,Medium
46.31946416211414,40.92553322942209,21.476749220257105,26.627979080232215,47.828529173923705,6.444611404047764,74.64953058476199,millet,Medium
45.960732675265525,19.119252415798872,35.231355886792045,30.412901209355486,50.87971852601588,6.8170970757491025,94.66882678768526,millet,Low
34.01004965649682,36.48982069516828,50.30436275271448,26.377771461456366,64.05309163927203,6.919852514121376,79.97836662475744,groundnut,Low
69.3409496834523,45.28291759158246,26.18414081327679,26.435116714839797,70.6553475816631,5.888830493995704,188.06218619165404,maize,Medium
139.37226734580813,64.65931088364817,58.83184837328721,28.888429680503627,79.17097228285091,6.446387934630951,238.28382818806435,sugarcane,High
76.30373426683501,43.826105798120786,35.63533994208307,23.541590599453503,68.42446998120933,7.456749355782914,113.3701384619713,soybean,High
59.40983819937502,56.506034754883906,67.66065458731062,26.934902896422276,65.16237566744834,6.294873270681177,100.95059013320243,groundnut,Medium
97.58256844642435,69.76774965013614,74.6485823459453,29.596668979550834,71.4751309913258,6.498099757860423,131.49256669104136,sugarcane,Medium
72.35823831171606,60.43924387875695,76.7710339324033,23.470693086011394,50.66232411508513,6.327255973683935,97.03958512714586,groundnut,Low
103.23499593485114,39.574916006003036,39.359494226885985,25.060825908430537,81.99574843254013,6.441806130542147,169.9836906412113,rice,High
72.55761780253025,38.9814540018825,60.87293360262163,22.18453129318201,75.28334799748455,6.48267520429216,147.21202649665318,maize,Medium
33.02131856246378,53.263719149712635,50.28689257099829,27.90870748529097,62.778907228129,6.58157435536151,156.1971053389272,groundnut,Medium
51.432449753442086,39.6076405286756,53.47692832296842,21.584612226537086,49.882417707216796,6.508493226310328,116.58805045440646,soybean,Low
89.96922306769349,43.30317781705095,56.2098188345653,28.46270441469928,64.01406448919093,6.320873998451294,171.80642217874043,soybean,Medium
33.87269037447363,28.471707982546658,32.93517683579061,29.691601001634016,38.80252753868924,7.419798963715068,102.85422068928372,millet,Medium
91.28839509439996,18.368395527029577,42.242404433097676,27.646651505952093,80.47026523867781,6.331151809663743,214.98182959988398,rice,Medium
144.04570201924935,52.688722734870325,50.72599522933243,25.999694637570542,81.19213459363672,7.233730870734105,143.94698807834496,sugarcane,Medium
101.58128274291545,53.07953591704786,63.90582134789541,30.35635984424974,77.56218340871233,6.21758555415822,173.6393261834433,sugarcane,High
43.70180758979096,43.09174833143358,49.95332747015363,34.83205295000133,47.937323240344355,6.622122345708395,82.06166556586734,millet,Low
114.73262436410155,52.52595558705804,43.07496741629583,23.462246923929264,67.11995601039159,6.000331309358703,138.7618100297957,maize,High
137.5958012084934,63.048246048714795,31.72897290081213,26.26843850939599,77.57048584263673,6.542925481108398,149.0626967560079,sugarcane,Medium
94.121848519197,37.78682829107656,27.67115738168787,12.9344844357945,56.039620620241024,7.041516208111157,106.77278120692188,wheat,Low
107.58383862753811,67.86935729993948,67.25739694507355,17.778081409216867,64.39467516539335,6.2456048230404,139.3135544197452,wheat,Low
122.74782797508435,54.658130505875285,51.41384680652702,30.351837575218752,81.36456760803344,6.572687355740696,194.01289013118964,sugarcane,Medium
77.54113532232033,65.37127492000073,32.01493242244648,17.292250412063627,61.744918043965,6.917988582283528,76.63108322889192,wheat,Low
94.67414062950951,54.10205748016963,57.41405862655066,22.699176212850812,60.792378081645644,6.369406950488178,117.75380522957207,soybean,Low
47.12567685476263,41.216612949941904,42.19971848779059,26.124651856235577,40.399534430501035,5.489310124061361,45.3747805334591,millet,Low
82.03050356174107,60.64495731735545,43.441289348591035,22.135408882384514,65.92659669781557,5.91183159642595,99.74011310229969,wheat,Medium
40.16907905282502,35.652964849162636,30.979736508219045,27.48690439885818,47.393467686510384,6.633659110140052,54.98424785578736,millet,Low
117.62558970113139,40.59017200197951,75.28876300219379,31.03555162635013,78.26344981126294,6.0647261214217965,200.20418285203218,sugarcane,Low
48.25036864912405,64.42306431485856,36.20834507131806,23.710971618776217,67.52298316901911,6.89398004120234,70.73665086542132,soybean,Medium
88.03114549361543,45.92222259550522,42.301728218303055,19.544553796012085,77.68508008454548,5.805128189139527,211.5547904468922,rice,Medium
52.69767191222554,46.973242099249426,46.0136274062968,25.04095873622517,67.01323095189242,6.229712799033787,137.80998886202505,soybean,Medium
119.90514581844022,48.970553509437515,45.25943777396519,24.978415037419065,56.34584432946956,7.093013483928474,25.967402842440954,cotton,Low
99.87816409009245,69.1224544651962,42.87663327007141,24.16163392854684,79.6737906403841,6.33378271599481,231.4346156289962,rice,Medium
66.22115729039719,29.213650614132582,23.177528341331993,28.135907781682338,56.06445918865284,7.473054280215705,49.76263197812965,millet,Low
89.00880302029024,30.467805602850518,37.17796670637409,26.779167505164445,76.57410024937354,5.535391975092416,245.54369835109495,rice,High
128.82503726604764,48.81436872299369,54.238052601683464,27.459145282148505,73.65381820917924,6.654715885751041,298.22188844512766,sugarcane,Medium
73.1117112272679,63.82531943444991,25.86210409445816,25.858834669245653,79.435591775897,7.037203233494452,107.04664057469755,soybean,High
76.742138456983,46.84470127134634,45.698504621352,26.642281232390612,74.52556732772807,6.354126951891535,226.92723703404727,rice,Medium
118.16689804291194,26.866067669981245,48.31669297339486,28.137882808146802,53.05933570968165,7.079078506558005,50.01989187260892,cotton,Low
49.85758899491175,18.041659000577283,14.25935480507172,26.85814126352134,49.361127036084326,6.605250211803936,40.687007207853995,millet,Low
79.67774482233415,72.0292296641317,56.78118584389913,24.083114756931494,74.06146123955502,6.603926835737054,285.6806064054548,rice,Medium
77.73915002613498,47.4983814735151,54.479297858366984,22.527393040213653,69.8448498610505,6.627876272018143,102.71520933083605,wheat,Low
109.36990912220028,57.96254742198122,32.687029869652505,25.206804231603893,78.56796631632568,5.937340581938282,103.24042362938502,maize,Medium
22.771250271418918,57.03178887421304,46.328838623182264,29.96363337823273,47.08878835616807,6.298543818442999,127.30661273687647,groundnut,Medium
110.05961411598904,51.585876347929336,29.718511649850363,27.406964006904577,69.53518628945424,7.171091323118489,192.48336625374463,sugarcane,Medium
71.66808286662082,53.555981162068655,42.11609522210238,28.165016192129706,75.22568937269662,6.395749824491167,199.01918934880905,rice,High
105.43482693419072,36.24485239371983,57.42267628373509,29.51309519715523,50.669607240302085,6.701913960798106,30.579460776310235,cotton,Medium
36.72708899847555,30.635273618817614,45.9654200587478,32.22678472459499,47.514314523829654,6.527827047533146,37.776694022000285,millet,Low
60.66789644727211,31.75195097175168,46.78916975116097,30.50374726042161,49.291901816970636,6.662609351674346,61.12367836784641,millet,Low
21.172763991922633,42.40754158261353,54.99841976527674,26.849674875832154,52.32857385828307,6.686504998587412,106.85360012799973,groundnut,Medium
77.20976376268214,54.03644240495399,53.98040083734223,25.32727713335544,58.313322250763356,6.723724361572521,145.885685868924,groundnut,Low
114.25023743004468,52.9160566646528,21.60759328132083,14.7078950430868,53.18460057974479,7.276759733765429,71.51571481352408,wheat,Low
7.559814842282059,71.0526375365751,63.46616063272296,27.141009950947648,72.28097391850122,6.745833916700708,122.75487140135752,groundnut,Medium
49.02550102219138,57.32706335777843,45.55044279440568,20.881626250760775,60.968554560309286,6.161626543958812,149.34806089171767,soybean,High
36.94398019396705,63.028536909646384,20.116619499484056,25.378767618141797,60.097136042604745,5.879849251627504,68.6712303180932,soybean,Low
120.07021363156214,39.1834918412339,51.06882518967359,21.318761942748857,64.89628024874038,5.140194448052607,94.71599489347065,maize,Medium
69.20038393619225,40.722506470669316,46.307399415205396,29.23936529429697,47.61481925008747,6.1548039005962805,64.54627590984636,millet,Low
49.54452795952707,58.4180763442654,63.691555188384896,29.679225841851892,55.82347520224739,6.327622479805909,117.49208203591436,soybean,Low
58.01332920450641,67.05517440549379,52.75504876370842,25.175316084650763,65.68350948175927,7.206496963868742,117.85121850429019,soybean,Medium
28.881169487357752,78.45918769094442,46.59858889821504,20.407190488230583,77.95745804344205,6.854014742840696,79.00794977703876,groundnut,Medium
99.31731632048137,44.90916399922348,33.162004861134896,11.747661181504235,78.79757319808887,6.914931561761204,82.81381201499111,wheat,Medium
112.28972154892539,35.391154478036576,50.61540506558222,21.005079674126836,72.15034413961376,6.368587727036156,125.90584727564564,maize,Low
51.311287075577475,58.100164648855454,77.41639509950932,25.87615767982289,73.72094574543024,6.267362488427382,92.05507315656992,groundnut,Medium
31.210738469292817,66.10854173756573,62.85226828715461,24.247312720423743,84.32549563327552,6.859121116703902,65.79967588526797,groundnut,Medium
98.19445581600051,28.26081220880512,43.92038199454497,24.766837762625194,57.745268433579334,7.156616657974405,95.57360076033271,cotton,Low
99.42334219751059,23.804736931456866,50.239945834477034,28.638473196009905,54.9171816807381,7.435436855318243,75.65315449213534,cotton,Low
41.33400246693734,36.67030151180888,26.548990228894837,29.97978787974907,40.893495287954714,6.000950992659062,75.67462793505756,millet,Low
106.34157443620748,44.79762705022413,40.341052090865595,25.335046756553222,78.57210164599667,6.733739187676505,173.71293695460696,sugarcane,High
50.17629279022624,18.816106496597527,44.535185957916156,28.053296922396434,52.57238822173426,6.9951811040574725,67.09636236356786,millet,Low
35.2140562032295,49.02415517609124,44.34444476078054,28.769261877350388,63.60616333749013,6.346673677392758,79.59211856639931,groundnut,Medium
97.9759027576623,49.88981175937833,38.78691063333336,24.66984273976611,58.41286300038364,6.384121216088798,132.5259473213063,maize,Low
97.36654081751176,58.02385765709488,41.17681047446734,15.80713117285358,71.06337479938895,7.539443533318565,107.1376934697551,wheat,Medium
62.05098983807265,44.44103914332236,58.92595561498549,19.809113560312746,50.99113115302144,6.695114407004359,129.0071823224515,soybean,Low
129.74011129577747,33.534581945831334,47.75530980231605,25.846440356937894,61.36691049872981,7.015964469615065,96.35970335151907,cotton,Medium
78.14288316832032,50.65762028563195,67.5842939577004,26.32818438381468,86.35459974339216,6.2895536097116524,239.24036926946854,rice,High
124.71987850010262,22.592817688899025,53.23512228449416,23.681524356387285,80.57908835955995,6.232749655754529,200.58545808683587,rice,Medium
102.71594114156623,65.63933644779277,47.0339896047134,19.39310959063972,60.5955845463321,6.445900525550311,97.90895803840363,wheat,Low
101.6580297621091,42.484216685803915,45.928767027706236,18.730971671108144,56.27833274560456,6.41210251214613,65.36150998197675,wheat,Low
112.65777444776509,51.640959768790765,17.349456768672397,24.88569772512181,66.09413059955506,7.02755941288013,87.6844455181081,maize,Medium
70.4329574924272,53.03607058596046,49.39917895316218,27.152196346817924,81.80383151143545,6.164351984194885,137.30231599840494,rice,Medium
83.89467011623371,50.97299051480989,34.2322247021411,19.200707566580327,66.61322324103404,6.81843168865326,64.25069313057661,wheat,Medium
105.70976559932173,59.03507990913328,42.24731107118367,27.65442882571857,84.04353529840299,5.669411148675567,235.62783683712576,rice,High
94.73157534487476,38.283199416034435,44.45694837642796,18.692849088781806,70.93397126313806,6.380912163048487,88.48375776007651,maize,Low
38.913952475516226,35.992975295268835,35.910281354476275,29.03207993538944,47.83525253979471,7.263962492758414,77.06120912103222,millet,Low
56.904589414951545,19.529864680732366,22.265907577491937,29.42088027710163,39.74738429322463,6.2878887803162735,78.15223622093536,millet,Medium
110.67115869198243,87.3549224125261,49.69643427282486,17.65559325372281,69.53417380947343,6.78041398765662,73.56568615013188,wheat,Low
82.81238643232065,42.772092280034194,31.72398031192766,23.482347430332084,80.14472574489271,6.590218050848944,233.25053725614256,rice,Medium
150.0,48.761990251297284,44.010602628021545,30.371403508069942,74.12254605512044,6.6546981890250185,163.25060066487987,sugarcane,Medium
115.29200802345088,44.40111114556668,37.45595703562967,22.34823879899788,72.07751384979724,6.900337212112151,75.56805437661029,maize,Low
123.87922839075247,42.02381641132234,58.1162845720989,32.722440358097224,52.232741754665376,7.258318487294372,59.06548025793833,cotton,Low
99.41039068558553,48.38603858717921,44.006319598822415,20.270366039960948,69.89975035210882,6.702367810530319,64.58292178558757,wheat,Medium
140.51883459165055,63.67684388962694,58.15429466542757,26.513187050409762,78.69143920183211,6.693824972363556,225.42790677372963,sugarcane,High
77.40417236728835,37.80728825467173,19.513251308282317,28.616961910162033,83.1000520344301,5.87668068585794,307.5921173287069,rice,High
63.457265345375276,13.940032478154436,48.393406617217266,32.738494993633836,47.48670718031032,7.223924528444876,49.11197960842175,millet,Low
80.43919309040223,59.26819837329062,62.04605097587826,24.08678004724605,78.81401826998909,5.977809152335898,195.07437894300944,rice,High
108.596917198618,28.569602096790668,35.68444393057045,16.7610065335697,57.58641352922152,6.460628546323674,89.21402074063059,wheat,Low
129.1202577451923,26.372369142906052,56.111543883704094,32.546241446044625,64.1718972698643,6.432897033640032,52.191813258235484,cotton,Low
72.09112490401417,46.71531713716448,65.7901799938211,25.678093567987315,84.68630155486167,5.749293012436078,157.16495391726002,rice,High
88.0104938042614,33.3056483439523,58.284968031443675,27.229455970785537,80.55245407228874,6.959952773958086,246.90294804810924,rice,High
114.6923335515027,46.88520531882281,66.77413168437798,30.986245571348423,59.60449540664292,6.714857485714249,72.62359525485894,cotton,Low
36.31042037131435,16.666514803010692,29.36935005695768,33.02833089326901,42.8359575672306,7.415817993468985,95.4191510669549,millet,Low
55.840455573485706,53.72662540120595,54.490617651858926,29.634918876947502,51.738858415023536,6.2039330738493765,86.91721002334599,groundnut,Low
77.45779056195475,41.348358698361245,78.35956349068267,24.095278369744353,68.60538832490708,6.809085893588506,87.03114462678009,maize,Low
98.17928565150488,47.88314879610506,67.20599406391814,28.15737216066833,61.238629126040394,7.527407594189022,70.62227512641088,cotton,Low
51.09638936045904,77.82259900976541,68.41158929924748,20.51550521621858,72.93886957956043,6.090996557443137,81.4251443599442,groundnut,Medium
48.034810770287116,46.77498522268722,59.41034857073694,27.240879133143007,67.92099829514254,6.6492044117191,104.80257458006228,groundnut,Low
8.00223358557784,85.19703057595187,48.094117442846546,29.991030522469156,75.10287190366911,6.60272103782099,98.28056899649691,groundnut,Medium
66.60372045315597,45.11980553964837,47.104143344745765,19.66820860393106,68.808086400525,7.203308863150111,70.79535976516554,soybean,Low
103.79747857056972,59.84412815134947,39.596649223555445,19.888588752665434,58.56547392272006,6.547368908333867,112.38388576906499,wheat,Low
93.75062041576807,49.24252384266502,44.749586184516964,16.563724285434933,67.875806380377,6.513582625489664,148.72689466751893,wheat,Low
87.98536887794178,54.72969927791738,54.521864646626554,30.177395900192987,80.49972091240629,6.304128735508488,231.5477451711943,rice,Medium
97.06028719110554,85.0180826607211,42.79025021180158,25.554305106089927,63.766391921507896,6.295653145186011,73.92139039034069,maize,Low
40.158831709149865,38.48275549102215,45.20728375582058,29.09254600116052,64.8154330697873,6.964134969457553,35.14871994400589,millet,Low
33.674490061342524,52.75924882288714,29.46481593605732,26.81615039757706,42.16062917040613,5.777288057597732,102.54594827499136,millet,Low
128.7718873421374,61.76408385124187,56.77586546970052,24.693034938222713,75.77978032459082,6.32293341010831,63.76099055438014,sugarcane,Medium
83.18134389858412,61.15291981748979,38.414360933181435,17.82052156941029,68.94848163467434,6.001787287819305,97.27242643975015,wheat,Low
35.1283678592585,17.79010724534306,28.63683686838302,32.506306751033364,45.44184349184889,6.796184463518756,53.03383209911988,millet,Low
113.85262924071053,37.39252013806639,50.42527000708925,17.812055333634536,66.92992198725383,7.119197819844894,92.11262864232157,wheat,Low
141.60815760164235,65.09249532353944,66.89263621360651,26.730019544045877,73.69416517433676,6.577878694009686,141.3684503089189,sugarcane,Medium
51.06612231107126,1.0493901849622702,42.67249927750265,27.004579102146764,55.351468184845714,7.624469309280929,63.59046603074923,millet,Low
136.03296737368527,57.98254126142785,60.412725543690996,26.3707971051159,87.18111374277936,5.892026667020169,157.5255489158939,sugarcane,Medium
103.45605451729956,52.57740111122986,37.17775095101074,33.80758307704181,56.08684721253032,6.820776094712437,77.59998345665355,cotton,Low
61.3159012700828,34.0115995650121,36.21264916832487,27.148146292234344,40.048132392911015,6.194481434977135,79.13098923574537,millet,Low
78.65473882073545,27.93295548482791,37.24112538908968,25.6162472255577,76.26675735639745,6.281385454346889,155.7421471896971,rice,Medium
44.37813056505322,16.348797540429175,21.809519446157452,25.287938929882497,40.73765429535642,7.000968118551621,77.00008535939186,millet,Low
62.38688653002532,29.645076399171582,37.50217706765186,26.768089202941628,87.89614590367309,6.6057480260072525,286.61897777850305,rice,High
98.84255908541417,64.31973207112551,35.73911022483861,25.426765307785747,54.02483446923556,6.198021211838564,83.83717487961712,maize,Low
28.561278557544284,72.52532347682106,35.17477201968478,24.716497352846382,76.02357667261029,6.076694469973231,78.99185788309524,groundnut,Medium
49.12988682476543,53.28608033685819,66.5402866570706,30.152740615132956,70.11490274789304,6.312956186633109,195.4102876687292,soybean,Medium
114.25818862452937,46.252271250278554,34.21459142012246,26.317683359345704,85.5064778828349,5.57430335531558,299.0576233806194,rice,Medium
65.24332583421747,42.15414917148275,63.61997851833095,24.737042395960472,60.72033267093567,6.0635806278406825,89.07479764816915,groundnut,Medium
12.466442846936879,57.849568148170306,66.51395291919329,31.467390028981374,52.425599246549346,6.412713561948256,134.37592552818666,groundnut,Low
85.95240437815606,41.98664532237336,43.50631273991648,11.738918944193793,60.323058154742405,6.436126633207266,89.22352667822746,wheat,Low
33.916189648784815,50.41378147179245,69.048145464478,27.486549572434686,53.33593395328448,7.156336168015667,79.99394292670286,groundnut,Low
120.14934400335301,38.73349766603049,52.228166923463455,25.159022424520842,83.10021837113742,6.486486656463454,187.2748633348176,sugarcane,High
79.366313497336,49.60419767388623,69.16683490290774,27.524033148716953,83.60053772685518,6.553600932565722,167.33990542639575,sugarcane,High
72.81476008760674,70.50097420879158,53.366899591503426,31.05429019850646,55.499191060981225,6.928343039164993,145.73705585542226,soybean,Low
113.02897504309314,50.10546131158486,45.694368569121075,26.616459317052165,70.59229154165227,6.23434023491129,124.72308690567118,maize,Medium
112.89292764725286,58.22106436782616,55.04322234867874,28.944915614665998,56.71986253963638,7.170797638950022,108.08568217739405,cotton,Medium
79.23162587139768,48.43254540153553,58.79859005145912,21.48315250929114,51.010295700650225,6.777608034824297,100.76312104884659,soybean,Medium
93.5733252844885,46.00354857135486,41.275308103469214,28.64591788507211,70.56173262359063,6.353583352232094,136.63884837055446,maize,Low
100.22837234439467,67.16048790883241,52.00713822391157,33.58079727762087,78.81478736247807,6.617664350827629,200.42242229927112,rice,Medium
60.61203736225164,56.62772163268735,40.94220244034817,21.801970856642374,61.45182305503245,6.46624605003869,56.79120521217831,groundnut,Low
77.66669406650352,47.924246537902945,47.93959885330467,23.523508409622465,80.07168495008204,5.97451017887841,236.51725817102496,rice,High
24.358374148653713,62.4389727756648,60.25606310222472,29.174408337702264,57.49938059684247,7.054019068247784,92.75087059832123,groundnut,Medium
100.47334970420386,49.721824625061,55.74231864033278,30.198066309758005,87.54780209747662,5.941225288917771,222.38521479680696,rice,High
75.6731613097597,50.08318878712153,69.75029903091774,24.069350503047612,88.17976490548696,6.0385406147032015,206.60898671573835,rice,Medium
150.0,63.152576476142876,41.38768581620016,24.727249666592286,79.38988842966553,6.833489442242316,157.03878346157708,sugarcane,High
120.91121887322981,66.06409010931846,42.01243021825112,30.653455926567567,82.69404780575715,6.227007392564044,267.17188736255304,rice,High
38.41712591843569,56.783608952068676,74.95650711515341,24.258934991441805,75.57862789523426,6.741244105779896,96.69240635896655,groundnut,Medium
91.05056412082405,75.17527206958917,33.692428792175384,18.922210709159064,58.40310199652191,7.278192260330192,96.91501913777952,wheat,Low
95.56718810056964,37.75217775941015,46.0390774496748,18.585066499618133,77.21862846717714,6.118781845582803,243.0828850872216,rice,Medium
48.354218235107545,50.243725773974134,45.71632186074244,26.09284426480349,47.95942500596957,6.650931248109524,115.42077222532129,groundnut,Low
49.33956953810642,43.7019711328348,21.13036128923156,25.244905854439573,45.17284438073348,6.777425224155192,76.58547373132934,millet,Low
59.48742177698509,80.3892497147558,43.8878588440315,22.98546818409677,50.26804232530833,5.985773762515556,109.55756845949473,soybean,Low
45.26782952223262,59.70376561123322,39.889828361467664,25.55347964115241,38.44838044021023,7.1972051406088156,74.06987045422343,millet,Low
131.77525301685154,45.359674806811675,59.54238517410432,28.050338626524336,63.66881122513389,6.292683686781832,150.7981634696068,sugarcane,Medium
72.06175406947224,50.33523201864169,59.359577839747814,24.258429650585832,85.53147042652365,6.3578686119291925,286.79618017405625,rice,High
104.97015164789478,10.24493546167573,70.06049645736873,26.235905570948272,70.01079589280735,6.338595390359197,256.65310698809924,rice,Medium
101.75233450919971,48.747698606742965,66.30589019088058,23.754316861282522,75.92952890341333,6.419150476409538,122.42334914281167,maize,Medium
111.78341896896004,65.29314112025098,42.9399161529026,21.53736323277094,64.58556644051794,6.224856239596512,92.23183610264829,maize,Medium
101.57548065972517,10.817488552439094,58.785188404465245,25.923337787025662,89.03637411555619,6.051754267165558,241.7440061837773,rice,Medium
86.31385403871083,41.727317163027955,12.637360284701138,24.992645902129617,92.01412915173636,5.598742818752758,209.6163459454558,rice,High
124.7031972999633,55.37019391308327,51.79942756175845,29.344549919216135,77.44043600674941,6.53882650304459,165.8246124992256,sugarcane,High
62.44471320587762,22.561547152505376,38.485273921278754,22.759152148272644,38.63859990068933,6.671957136860663,80.94353310005994,millet,Low
108.00781119241609,44.03174754303088,51.917416141469076,24.540213113087944,65.8165334381959,6.738888076642575,74.92932984939891,maize,Low
111.32099947101713,52.39308783184121,45.676459385922584,23.09830794902613,61.78563978446693,6.338523087464057,107.03405816438263,wheat,Low
112.73147368723794,27.568456856720324,55.23137155658567,26.486731950108492,42.84085760304812,6.745598969740224,103.1564372771098,cotton,Low
40.549968949882924,18.034277438571763,29.222288957266436,30.698532172310518,52.73506733404595,7.252796572644742,66.45341261484023,millet,Low
92.6682230927351,48.70097253337009,68.32175196292718,26.62336946492501,46.859321782292994,7.224104017750134,101.50456595987892,cotton,Medium
70.30766212647973,58.290580421562005,49.169367104701784,22.10162043061273,78.96722905748496,6.501775409043926,125.6232933420202,soybean,Medium
90.9671162221518,21.294401203753544,33.72797527417495,26.16994977469132,85.17815652614038,6.394600657530481,217.18004887763635,rice,High
80.37777607165572,50.183070536087286,54.60491430273218,28.85937513612826,85.07851252058376,6.406471314845984,249.0038314739199,rice,High
124.18628663116645,35.015384341108,49.7932153259588,26.274288745252786,68.83523186328777,6.570478437526434,172.32056876597753,sugarcane,High
104.81178588899026,52.32862332327049,24.759266935455614,18.673018970334248,72.23214043809051,7.324793495429579,82.56294497815375,wheat,Medium
31.77404818283226,63.19458312183488,48.98023985444251,28.165763757225115,54.78636681425413,6.050962189437539,86.64616682518987,groundnut,Low
87.10167300294947,34.13183078380045,49.908779260008686,23.965454735770066,76.24527846593247,5.977603307576233,132.84395506681977,maize,High
119.33020134180148,62.14157423096522,75.5843194919211,26.899838802287068,86.83025339017135,6.261602244756259,186.2194316026584,sugarcane,High
16.048696960148515,35.183958760435324,43.70465510822696,28.418949019866858,64.7041095102002,6.993425769392434,53.86813850643235,millet,Medium
92.66551501399881,28.975867695478783,49.56237421207156,23.818588472525395,80.51488818669097,6.448268839020272,217.02266283599815,rice,High
49.652307391522605,31.63712301680736,16.48858924637527,30.596348402559144,54.72698849759185,6.710402011886273,69.7602697275202,millet,Low
106.76219624530248,39.223673284106496,35.8074575711952,18.300989157423356,66.97389215612935,6.660691478856109,58.49977669085169,maize,Low
93.94669457723575,19.732664990144595,43.176391412207536,19.28654294664635,76.65211269039793,6.736722135629858,101.12625524460465,maize,Medium
64.3657834905365,52.82118850441853,16.408712513744952,33.98874096496233,38.03485767226667,6.800523832140847,88.60060777842739,millet,Medium
46.062974955827045,53.167899108675115,38.855219115145864,28.09904557230358,35.57250629655459,7.385395916902889,51.65530329523371,millet,Low
74.7490898388114,20.395306748439722,19.411328363056548,32.327623947760195,40.11823445969717,6.284558668072435,73.76570216976465,millet,Low
82.24067324849442,61.912169282226955,72.586777483431,26.801150797607775,87.33778477374062,6.6261921500261405,223.29135957101695,rice,High
114.667233245293,24.732236697916107,53.84308411980311,18.15677547149245,56.51515946882719,6.2861662937200125,72.0745962718016,wheat,Low
85.95187597059943,33.254835410612316,39.66848087908666,27.436939477239175,84.00197263172169,5.9959934404581015,261.501597770316,rice,High
93.19545418612476,70.7147185476276,29.352046493730747,21.438082725040246,42.29994846882097,6.757672497000921,89.58474144185227,wheat,Medium
50.81786315123394,39.84692174002737,42.03371702346168,25.800910773845544,44.46432887747803,6.570161018246235,65.55049368952591,millet,Low
46.17859831441689,23.07334852341464,46.94515649613108,33.202331828586956,48.647747199044716,8.076614755401604,43.929380771458156,millet,Low
103.5350569967028,37.13673361942447,53.22095928433475,24.67938912539783,65.6760490667027,6.3994575271042855,66.32020527793773,cotton,Low
81.4932730793296,67.03346816957406,34.01427565091649,22.646091406969006,59.85670807618273,5.784957886538775,75.33503179931779,maize,Low
150.0,46.83817161097816,62.18137479104592,29.269279399642112,73.96849613721005,6.836660999988011,172.88386001038725,sugarcane,Medium
74.77830259213651,38.21971510647733,65.79496756593528,25.868353218551977,53.61330564094891,6.716420393624666,113.9223157705475,soybean,Medium
75.1694317195938,63.96021827313615,42.02497414461688,19.18441948918074,69.7706686709238,6.408712986226187,56.44922482790894,soybean,Low
43.72865348761779,64.2775823656387,56.15651508038978,22.000158919619853,75.53907134351857,5.825387976123865,176.203481738453,soybean,High
34.754518819618745,60.30806778249134,57.9951097128926,27.63577544907836,67.09562085978537,6.232700433888068,95.27811942111667,groundnut,Medium
86.18215542637999,52.767330185194574,31.398947780488523,20.569983026748417,68.69979002944591,6.012774086552694,106.99128854588452,maize,Medium
57.732081865971736,29.226933605073736,13.68038143593271,28.07968194600911,42.54402914269917,7.04928774043101,47.65401860483909,millet,Low
105.88034375950554,34.51337752816965,41.73065842733852,27.36373099023872,59.337624055272386,6.900892648864962,71.55305561315483,cotton,Low
106.75905119293809,27.562203925614032,26.058593873051635,15.811192590577772,67.89133853818483,7.0289561244702705,57.671461406033806,wheat,Low
89.60391364561609,48.36193390583528,35.284757760940245,28.894554899292373,91.6934969412894,5.963014296338843,170.6260451248031,rice,High
27.39273004352364,9.889918025377828,22.935689703696095,27.843797070509126,46.33634483335315,6.861010239827607,65.70563902334989,millet,Low
92.47141261854775,45.61065242227222,47.0800999724449,26.30556888578596,91.29412090897112,5.612989893699024,170.43571697384397,rice,High
118.10298004579094,40.711050391159944,54.475292008120135,26.336442456455757,68.82845222244428,6.165434831608724,190.86888732699714,sugarcane,Medium
62.73917719441351,42.88220212054602,30.186179482272387,26.11959262247476,66.26774484967133,6.077047977486355,74.6659099844191,groundnut,Low
70.79543401993658,55.469487939361734,52.80241413550393,22.93630154860786,86.25013868379612,5.974368547705309,229.75202855084797,rice,High
117.70961368678218,42.472238648584366,40.54267250799979,20.446503067332788,64.61529194135382,6.657330746328052,85.42123822366763,wheat,Medium
75.0394230300361,23.864387213663747,36.60702551852055,26.526891981041707,68.185567828459,5.694988413880449,140.53047257461,maize,Medium
89.6021811112641,34.41750418526739,43.04319643267483,29.56674011442393,86.24982308320638,6.628060095326571,234.0579283016633,rice,Medium
62.797593253251,57.7190071483277,41.53606002868799,25.354083141831456,60.13097370027148,6.901088566070926,112.21222358619634,soybean,High
130.30020707502416,64.04373137960157,69.40392569072048,25.354264790004045,95.81705704647399,6.261016229111607,231.35815959146873,sugarcane,High
59.020339324914076,47.05373742788007,56.19361959305532,26.59711603389017,67.56748603456694,6.605214072727161,123.51794993837397,soybean,Medium
97.39976851321333,47.218033484338484,34.699706637825436,23.072380241068004,88.32185077964704,7.2529528259349565,182.02404444672229,rice,High
38.9389582462129,38.26016444445624,37.981272618257755,28.548954901141197,40.12941470061308,6.679241015365965,36.48531106666077,millet,Low
83.39933269954524,46.5688869274331,62.29527946879338,25.242295545820518,74.51330090821091,5.627943448815747,285.29645215726543,rice,Medium
26.271274663503533,32.481796341496846,21.84696526868531,25.37010491399847,44.081689426923596,6.5999327228859315,29.943965773898604,millet,Low
49.17578542981324,43.34792189268315,35.46054113090666,27.42964271049663,55.34518460017017,6.502660145669749,65.2773204180589,millet,Low
43.450608857630606,57.9815490535755,37.542328579862755,27.409948128213486,51.83006920714999,6.138241950818152,146.58598807844777,soybean,Low
118.59376009662343,45.24524386277888,52.82055200432819,18.213761249732677,54.651938998367235,6.43274920663337,72.6076280700734,wheat,Low
131.4254182790811,75.739952566796,64.96505043536865,25.1475217748229,76.42931566594376,6.87062953272704,159.0225503231451,sugarcane,High
20.951153690086795,74.35360460509328,47.64095422419914,27.43188802642827,61.74010796751028,5.824629312489838,70.26619085243557,groundnut,Medium
110.34262207326147,47.7146457688494,38.11100907495276,24.407578272244972,67.57995945169078,6.317216348340155,95.65364314156339,maize,Medium
43.371202847580854,42.380867766168706,12.63740439887156,29.830982993357303,58.6298172375779,6.18698237622238,46.262395304237444,millet,Medium
14.343469477102552,40.52111986985117,22.553509494652072,29.60535532211286,41.818077726035746,7.3691248153810385,48.31001568756099,millet,Low
86.48769937914996,42.19035651660983,63.9505537860887,27.4901424590337,81.1704141929729,6.80921194256321,245.9075415240277,rice,High
51.85962375831508,71.27183868278946,59.37311292562418,34.102599408648786,59.390514640384644,6.211604075894399,113.40843452073325,groundnut,Low
106.67160711747393,40.09215580637429,41.792361787254265,20.348621204845717,61.55099544339921,7.020319028909465,100.20132117091889,wheat,Medium
111.27298187541656,48.227432490621794,53.75438781789093,29.46165458389128,61.13845890081989,7.032313522615294,83.606338057051,cotton,Medium
110.66828248356727,23.606631028795782,62.69552856606551,29.414173788294974,65.17519636339155,6.5610104437739745,86.94956100547306,cotton,Medium
29.643983320832724,42.20609057004188,18.109670951799423,24.571308559071806,48.558999333416985,6.320174119583311,72.84242007753167,millet,Low
81.39506989679646,38.437692705115296,44.60696075740802,26.041787875738837,81.85524947733998,6.142255835230423,227.9233904307142,rice,High
148.48306356120867,60.24847209015602,53.23382001768168,22.433522730769923,76.71940381747245,6.54568081274225,196.39859399167935,sugarcane,Medium
41.767849257534905,36.75575018285827,28.264958792082627,28.763522361579636,45.63885468615443,7.038050806824957,60.22664756735468,millet,Low
83.5371982004323,60.514087180316906,36.48682611205829,23.384147941511245,76.94839955404261,6.090569604637366,84.20404938711872,maize,High
150.0,64.39965084506457,56.79595485879562,28.021352275717614,83.63345299223735,6.100034883814701,158.24420841902605,sugarcane,High
54.26430997626976,44.668143077615696,25.392676535238493,29.374291588632158,35.37847176884106,5.724952419990621,57.82497954332764,millet,Low
113.74414187314568,10.711551822698993,47.788531978007455,32.87929220382658,56.88834451059496,6.533697983546576,70.34943005323255,cotton,Low
147.74350734081287,61.0837161499377,73.36634877578665,25.018691845001523,76.27966983107962,6.523381188967463,248.31751813310984,sugarcane,Medium
118.69156837542289,42.65888432594498,58.631374151325865,24.43027970057248,74.97219508870347,5.686992689268134,62.46402590098966,maize,Low
62.615615489700474,55.0959318515275,62.08324373290387,24.41464700629883,52.15749003239522,6.464390199034862,58.31055738667306,groundnut,Low
10.549620351017193,53.09629669917848,43.33059234775594,26.395250329241875,62.899606949004884,6.167422765462898,89.626865688926,groundnut,Medium
57.860494263325066,62.35965290100294,59.133339332206965,24.334624532589164,42.7437061982132,6.1719698643261385,69.6448830653656,groundnut,Low
31.86286360728553,73.243335866594,38.199479324615844,24.248776019295978,61.0134162164607,6.467067779993118,108.97229542687975,soybean,Low
86.60818726762174,56.16337357077315,40.41656498503074,13.834372338506366,52.19783116397032,6.863785002721651,59.567932694488015,wheat,Low
109.2832944703473,69.66031678725129,44.575715347177415,17.83223865443336,67.70366022585695,6.80169194359766,112.28259217174389,wheat,Low
90.6814088469812,52.94046397178487,41.76057723809803,22.174518288806393,59.93705669422296,5.582769440835044,107.61211890324499,maize,Low
115.11165959792798,34.940927983972486,42.216525697373,14.787442743946684,80.29135269711779,6.875791928488432,57.98861072493833,wheat,Medium
111.62733241052175,56.6364810302283,42.80829345223778,18.606986389268407,78.05485519271286,7.52722476902313,71.67417511190027,wheat,Low
45.93670464994694,36.60688312441918,24.48629481656827,24.73209959235679,64.63150938340311,7.78198816665079,89.10996584157886,millet,High
58.07766854811136,30.591569102605906,35.76275114286844,25.572554305644733,48.90816110779207,6.776881914772353,63.44317339212882,millet,Low
113.25750739221115,33.01975151113451,56.81186878171901,22.987577699743795,77.39321460937524,6.293685893014609,218.61260450452875,rice,High
25.110114768226282,53.41433972667398,58.383211638461944,26.19828273889693,73.42444480362076,6.61243405239038,149.96123213970174,groundnut,Medium
50.00524175183061,74.91124797063028,60.18604155175426,22.61132763167854,59.450416259066664,7.192326077217897,103.35189829452051,soybean,Low
91.59340988328611,48.298909351669536,46.62676099697651,22.54914858133369,74.7342461982721,5.287292273499674,68.46339910652492,maize,Medium
127.18737387614732,31.460768934159194,21.21642617113544,19.938735975870724,73.87581396000974,6.205890436011024,37.68640438678378,maize,Low
76.60730963280974,76.35975265974744,54.20975213464956,21.638477790039012,69.62687567999014,6.685001154320041,120.45230226445426,maize,Medium
50.261574864021114,61.61499941774696,70.73776982752354,23.935753620259046,58.41118275717213,6.315804787785187,65.25211717441128,groundnut,Low
110.69956049848949,33.749285153154844,39.98751665245854,24.911167086731798,56.815455550401985,7.318781813771284,37.026739676153824,cotton,Low
103.89266321297463,67.91299968564157,28.217189114170306,22.888261537020632,80.85796793149835,5.646880107614265,184.97526986460971,rice,High
137.3011225323709,57.3677609474832,69.28257138128421,26.363397971791333,74.75027542014487,6.325063150602711,176.95446718386518,sugarcane,Medium
124.88054953938963,72.00675855229251,34.58493044698616,18.106391885691224,56.15083420302628,6.082557241562779,99.92893251601576,maize,Low
48.11586068742793,50.05537276258094,73.52861398446444,25.63537726055735,65.2715030810797,6.577851431166964,123.18530056457355,soybean,High
96.83831658122412,70.98002813881301,37.27778123543828,25.031960483473593,80.49500190126972,6.422492003760264,273.1277656739623,rice,High
131.08471396261945,42.40886248910067,24.768791696947737,30.019401076698905,57.44068323765402,6.666733713097618,69.99700846747173,cotton,Low
94.78761765628771,61.08540535227773,22.497930364251065,26.24731925880351,73.25469100321041,5.899137437763767,207.63163691800546,rice,High
105.3385564801446,74.27702887607127,61.61127382212622,18.501782855379282,95.74565543554445,5.541840501217243,164.41710132945616,rice,Medium
131.22260994238331,29.5096087598302,48.65783475096424,33.23293334422934,60.308782948486105,7.063656369110398,85.11994693204792,cotton,Low
83.04694412989114,78.94012010694105,58.196728663042876,13.035337691315112,57.319629637764294,6.837348949710661,86.9322766601069,wheat,Low
42.431285389701635,70.34868691101225,35.5885424964862,29.667206484951507,60.4974338384983,5.68120334108824,43.013325901345844,groundnut,Low
18.192921186233228,17.897630300968245,27.037705289869766,34.27348069850585,40.43682608322605,7.473820386797636,37.648279147533515,millet,Low
109.9756742455493,37.873982618622854,52.98672762959907,27.420753777980163,63.40255641821084,7.218536007899534,64.72497189775927,cotton,Low
58.047067007928575,55.19729114343258,39.22482927943932,24.20655895369413,60.64958723630907,6.279727661337295,105.20173555103499,soybean,Medium
75.33318844458128,36.318573349844165,18.67677940896803,33.75115263691862,47.630134811528464,6.290737597174967,57.54689799384761,millet,Low
114.0877698534439,52.365265427641496,65.49762666878436,31.23188101904708,54.85710276089813,7.126253160754688,71.6349036367426,cotton,Low
105.80580920142985,38.47360739221068,55.67378083913399,35.50951537271713,51.12812528319557,6.256943475790722,97.48031096679966,cotton,Low
75.79604576392369,56.778435623534776,41.56727521487248,23.42731465568624,67.6905744769735,6.253843069698049,88.4558702371181,soybean,Medium
45.10729884146231,37.6995027892945,0.0,26.581006343361167,51.07004954124831,6.876012414394641,60.03311711243902,millet,Low
91.30570602357257,41.41191179440959,46.101129318426025,25.892521882670145,91.38786193488404,6.52876100175009,115.21019583641022,rice,Low
85.39931742959448,62.085600037677914,44.03373955631474,24.910916256314366,53.164446214882204,7.2585763481602905,121.48083099466997,wheat,Low
55.746453054861,43.8687925454507,0.0,20.431173759976527,42.68407935653104,6.170329656362587,78.38372307353907,millet,Low
53.113602538498625,59.860678626539475,39.589621469066074,21.444734041972133,73.21531469493902,6.943887285200359,103.12861646970678,groundnut,Medium
69.04605904273483,66.00662894600687,74.96898151703824,22.53709973713511,56.50996908057506,6.586635735903861,120.81769699573775,maize,Low
77.66370101426699,58.452368007893654,45.00248477901837,23.915860606732824,79.54430537132137,6.260941948813489,199.0364640826163,rice,High
118.04091772564293,57.17045247073674,36.46436127660625,23.18889990971649,67.78092543677005,6.57478265283947,158.59321594817723,maize,Medium
41.40187737649529,64.70453404642207,44.62124665085893,28.895793153141344,65.76791322744735,6.929047136504309,39.54414721422009,groundnut,Medium
97.08596302032221,40.93050199809964,52.58448551699876,17.09742075857752,55.32418451664956,6.900589443576204,99.7244682338046,wheat,Low
120.04157557313702,38.65448267666386,27.039915983326367,28.030063455221708,49.49044453243812,7.061006483894129,72.22571333784819,cotton,Low
46.782704064806104,58.37627845046044,49.28468185533759,25.752829579709978,67.92844732368633,6.470427053897236,62.076373450126326,soybean,Medium
150.0,59.58540604711021,61.928225977507836,23.409741606760264,86.31345140364888,6.090136522729332,227.57848281307605,sugarcane,High
97.7449167446789,39.98874388318441,24.387934219639245,23.558581485557678,62.74700743360236,6.331375698433468,126.21969253020647,maize,Medium
115.82996780153724,51.708534950125596,49.57623401496342,20.07667030455702,65.23916722544648,5.565692497529164,101.32187702219798,maize,Medium
97.99415627604174,63.1301545702577,50.74803772071311,27.42020353948548,61.30327893107968,6.478614602776284,98.23838718686113,maize,Low
45.94526488348843,36.28421689654998,15.449736634995858,28.34609484511781,39.84302295137222,6.744614143437374,64.1301125029166,millet,Low
109.0464202742325,39.79357665503547,69.8222790001467,14.641361614850494,61.85176115224217,7.29168591371882,94.46736792026189,wheat,Low
59.72572089286302,53.16443908144347,59.83188377976593,28.641459380672394,62.66446748053638,6.492607508818585,82.1180453136964,groundnut,Medium
42.77716064394537,46.70389891417598,24.64321801421381,29.755608344954076,41.66646410563412,6.24630952361834,55.58291439740897,millet,Medium
109.22736209369108,44.50431635373368,48.61774005468225,28.54091515401251,47.35091437633169,7.3980164032893025,65.22954129771426,cotton,Low
119.1385824633463,36.01762165813625,53.89737912932137,28.093190279196794,53.70586175067465,7.199906651395675,88.27167571015877,cotton,Low
94.93890744317848,49.504884168199276,53.996945705260174,26.679565041621753,73.1351529828691,6.106393150551166,69.10911281100819,maize,Low
85.22510311274478,52.384160114568886,39.05119189762532,16.535178472645367,70.0666146085699,6.237774778457485,90.56577131692173,wheat,Low
49.98519557208005,37.91282147818194,33.61201480702171,23.61316033807305,35.166631731853464,7.600522598269667,14.010889526602028,millet,Low
44.315230655135835,80.10155927628271,54.547384602812905,26.252030572773055,53.68602724091042,6.468004087592084,101.04772305410506,groundnut,Medium
106.96776052073209,27.5187043525446,52.75068504331071,27.77285716907808,71.24844897942465,5.942593962992287,92.95227185437076,maize,Low
74.90973927750447,30.429736646547212,58.89733048200081,26.290987894978155,85.57094215262148,7.036954910274185,187.2711726706611,rice,High
89.48323210143417,58.43039976720627,29.01061982526521,18.61742440035169,76.66516170128588,6.659246929648939,44.844441301837875,maize,Medium
104.18498321003769,38.25693932013615,28.420899378437028,21.235646929713237,63.47685623771679,6.111918664485875,107.29403965415467,maize,Low
83.08755851570442,63.53490791904283,41.85392398714301,19.484116961325096,68.06748025122916,7.2023698047185665,79.76728814760696,wheat,Low
102.51128578258017,17.521118658170177,44.59558170491998,23.720052367568957,58.99288405439153,7.15429061057622,83.19818005936447,cotton,Low
130.69317405506376,63.987233365671116,77.9297027672019,24.137623333528495,66.4607022827415,6.044475290351396,171.4189652352015,sugarcane,Medium
123.50402636466447,62.27667866302687,64.72249810944635,21.995570855016698,69.54703561539327,6.306272894588649,59.554688637175296,maize,Low
43.261586210887636,60.79369338178802,54.70203623048023,25.43245899452324,58.75044879922243,6.149015533409719,84.37699422661196,groundnut,Low
12.348304485422275,34.7293431644503,33.709658248017575,28.46929972852747,40.42609134219848,6.950581035034226,57.622950359584586,millet,Low
48.638939057301904,22.875249675771094,15.654363400013857,28.947447911312754,32.167031900237404,6.731768977578409,60.62736832199417,millet,Low
150.0,60.91834826187854,48.37996964095729,28.22047001138799,80.84845262903934,6.4453878706743035,193.21441564932687,sugarcane,High
124.08454203057188,39.23346600602384,34.951728170857805,26.375580980478492,54.1839497589819,7.327199111223589,96.77544512294425,cotton,Low
81.79567384146823,27.697370971150804,51.37930126110958,38.13214875724794,60.412059811519796,6.477555372325166,69.7664856195344,cotton,Low
103.96030122000505,65.26824200128121,48.78990523335763,21.791120032964006,58.229472180274115,6.879924173487486,103.58698446675233,wheat,Low
79.19246756953481,55.13377274183484,24.577173239779974,22.46239766806035,61.58777927916367,6.6083208879951885,89.58440514663212,maize,Medium
102.80908052390285,42.609600685487074,89.29507014318408,28.922186914464167,67.96149592496556,6.243341693617813,159.64467328704737,sugarcane,Medium
55.56507901721393,40.538567977859934,9.09940056160675,30.303130766085104,46.05292298618193,6.807007194850419,69.83173015180947,millet,Low
92.03178558088602,55.806519814256475,26.77249420196292,15.846243327757195,63.155802998557995,6.877643052381343,119.49313020901775,wheat,Medium
120.64116470879907,38.31335817397082,42.425106365111596,36.13099493300468,59.15896814481529,7.146065593711432,85.25020770056473,cotton,Low
109.50767183658424,55.92772858646774,40.651829309446775,22.19884292138668,69.11722951652281,6.687507958272541,102.2001023433441,maize,Medium
72.81834314230571,70.06719084917033,36.1514411580245,16.78899419669841,79.13964753186454,5.699809380334799,120.16880224121206,maize,Low
121.7081362368223,47.85633162767221,77.23027756903078,24.769506927246372,76.33013846474054,6.584267337980352,166.9777486134036,sugarcane,High
94.9388055056746,51.33262267402468,51.81988726574021,27.04996136219725,65.99587985142047,5.722743373811307,100.16691005410907,cotton,Low
132.01775667495966,39.63684330883617,81.185874800895,31.942679727110736,60.70613000637234,7.1429156060406775,54.35087956298055,cotton,Low
37.04983861830051,25.166912521122992,33.06941102791638,31.661926887379238,45.27792986831219,7.573529572276757,24.05712664741791,millet,Low
103.38642284667631,50.21135902320389,28.295607672661,18.966246932300955,64.91126396841118,7.129311966271082,69.67464069349676,wheat,Low
109.58085448609583,49.840344375456375,37.80213572016181,23.694015850092203,61.260538958989386,6.561772410842249,122.52618338203996,maize,Low
58.36719178900948,57.016307221114374,40.94810433744312,27.49035299348568,69.73073056938165,6.551195345470906,34.22116154691864,soybean,Low
20.30739590360911,33.75142902028748,57.10438288786401,26.31240016406402,67.33063162750857,5.225519622488754,100.21711905688521,groundnut,High
89.31993815193735,40.066767427015655,48.90342487486468,23.046471118324675,66.9379538599172,6.781001207625343,53.364132883329546,soybean,Medium
112.21277633477582,51.10309677901631,67.93383514393616,26.78403262797478,77.32211326136034,6.60031242406199,211.3060595086795,sugarcane,High
146.89650575119046,74.22391185536095,71.7360357119809,26.335454597499822,74.32469458587563,6.1087990466490085,163.83892355288555,sugarcane,High
78.88567506095858,44.35404893964574,61.87941025280129,24.171368856399024,76.29237364393948,7.165082406401399,125.24801964390046,soybean,High
41.59858805024783,38.071354693078106,0.0,22.282032000307325,57.35466789576988,6.160419091547754,15.910358982393518,millet,Low
150.0,53.01491137381728,44.06991011355083,29.67094779570131,73.34772582196436,6.4522014267471945,155.6466636280842,sugarcane,Medium
143.96331074187756,76.72626974105192,74.57932928225964,29.396450786402575,76.28675024815666,6.285787476866764,225.49549352357116,sugarcane,High
99.9347773150632,26.849930043952504,36.746578065740046,29.372625802014344,58.469980874788284,7.154748063358162,35.702582943838905,cotton,Low
45.15100512783871,50.38150442850678,37.03743756400332,25.622387518564626,57.859236398587434,5.740705288220349,42.4172781378463,millet,Low
135.70101160860747,61.85323154309642,50.752584598495936,26.681701056924545,73.70163423779552,6.175919882065792,157.63552310766627,sugarcane,High
135.56580607323045,46.18029878491281,49.84322033066775,29.28157160090495,79.75805284355194,5.998600319709569,200.49325364999038,sugarcane,High
117.19119553718923,78.54482034278234,50.49595711085706,27.58915360108064,74.11898217499426,6.068088411014589,157.97801375603868,sugarcane,Medium
43.10787675184023,33.92005105850601,18.77477513449552,30.139500365111257,49.53844500233808,6.397018508026245,93.76623622905764,millet,Low
127.95767797192869,30.747494114305546,62.00984597322097,25.964515808538334,52.55600429557078,6.944167218778448,65.06547347387144,cotton,Low
42.505043825436076,68.80017608613817,71.40096084033277,21.289290037754466,69.85827063608664,6.204213201863204,90.97289570043326,groundnut,Medium
133.17262193627388,47.249169116266806,66.33208045723728,24.778921461407606,58.66654351300353,7.617809939356885,62.12981852521324,cotton,Low
50.126666343747175,64.77187421689332,47.61661132545843,29.615184953314834,63.997064112019935,7.131446156191452,109.54659229742157,soybean,Low
54.974431619724726,41.40309792289412,32.166052704720606,27.395384016933647,66.45016927611245,6.395134431949944,64.8328597694095,soybean,Low
104.55236661900776,37.40297546033955,48.362934196668604,28.767931439256312,46.04599806223485,7.266329512639042,111.29868636282893,cotton,Low
90.36559978103139,24.74500641481601,46.656940901010564,25.02877913196403,77.94775302676771,6.039244566987447,76.6187402421965,maize,Low
102.34755875942872,45.87981560626085,29.520469203107353,25.525976304263033,79.43871358031548,5.538057331253692,179.51582498959328,rice,Medium
109.96642825288728,27.190792804474007,34.89122106262168,21.805404166949074,64.77443747981361,6.962858313481014,70.00573721392357,cotton,Low
120.38519858694806,51.73191766071244,12.559823434711717,21.71523640489134,65.55188836514073,6.018515840267426,104.36281652217278,maize,Medium
17.6426070139466,73.90278591386786,64.9026930301795,20.4154599180224,53.881853681179734,6.529502026892597,96.06157429306776,groundnut,Medium
62.61466505289866,52.26017888769797,27.031930063838153,25.95550255899452,77.5019902804241,6.378128414962508,95.65559831881166,soybean,Medium
78.55669512697152,49.18554341960622,50.179579555651166,22.533341642868926,80.71152262755267,5.849765154387212,62.73260399352312,maize,Medium
73.61790956556737,55.20897098797877,55.827127040528026,31.288483828152852,61.17042895193644,6.462551472371755,75.39021945720293,soybean,Low
37.64875986635073,47.14978809087606,26.010946245226307,26.044858743000454,67.26658874028533,6.731833688705495,81.90440462583527,soybean,Medium
119.47087699374583,45.423162623660744,36.60329390408897,25.678908920136326,75.78854606548376,5.720848842964461,197.8540277861127,rice,High
82.98448198032163,49.15804658076859,44.43695305344979,24.912677175790602,75.28198063224313,6.664330714951408,168.21274097116378,rice,High
119.08270476686248,40.77289026918331,56.85134833524647,21.424064031160356,43.62212398794501,6.90564334250125,97.04085559170973,cotton,Low
88.67964788344337,57.45616087962922,56.377715405664595,30.333889002298754,61.11547676948891,6.153105199680286,90.3087289368098,maize,Low
98.03575055898042,31.316586959522265,45.47656586063562,18.6175694664042,72.31811610262673,5.831630042477018,90.20392442396286,maize,Low
81.79982027463853,53.230171043061915,42.410554484061365,28.782533868612035,68.8283052315934,6.195985499927822,142.93456353285222,maize,Low
138.82654270360462,60.25007444167643,53.07189581149999,30.834575937211508,82.97459064011001,6.385468640997787,154.03548936470335,sugarcane,Medium
112.51837710668414,72.64794388782747,44.0966235365707,25.081290078703756,70.90802686861305,6.445129529772822,161.1719611783401,sugarcane,High
150.0,65.27257713730616,39.79195178644602,27.905748653589782,76.40272229756106,6.110850711090284,212.40881454482803,sugarcane,Medium
113.88331273569058,27.2103674638149,57.13825248076694,24.1458167007476,52.35180532633535,6.873533626181427,91.36760991041936,cotton,Low
107.75419773622556,47.34184084457451,39.73239659538336,14.546538790341392,42.287370724116585,7.182681274554263,69.76547947293115,wheat,Low
57.957962266995395,78.7618522183767,56.898872490980445,22.829688330510734,39.405882838302574,6.51505802603886,95.16522194353554,soybean,Low
49.38053582596362,62.98538899092078,30.79906592283506,27.457371666910923,52.99992804047689,6.16597643081688,101.20683087673663,millet,Low
62.912222220196895,48.327698690335176,24.214508588142365,31.238832780831228,52.206329392226415,5.646996899308434,73.8806522193588,millet,Low
121.7061397564565,42.30224282446706,45.875620422563145,24.769747474673025,78.43931670187479,6.558490311797228,157.0635366879722,sugarcane,High
112.51612888291669,40.69946044380512,34.74607844714335,21.369908743142123,73.2836796188124,5.471449128264737,88.43520277262925,maize,Medium
86.13472316399852,55.28071914827774,26.182268238959395,22.03639928700507,51.6038838704934,6.88217379356613,111.20601050235305,maize,Low
66.97442468259146,57.73536714475131,34.58701967653891,30.222574231043303,62.38604328047126,6.592562540510967,102.11352580893872,soybean,Low
49.59606260048342,65.4299574732322,64.04321330991777,26.781968464115607,70.54032655213919,6.423101658666892,104.34142408191788,groundnut,Low
50.89361038521587,29.709942883701498,36.23323947830085,27.52203544035979,58.4717762405547,6.993521212033917,37.273275536880185,millet,Low
91.4504327065808,11.167723887297669,24.353530325646993,34.75354400482,43.96736009562518,6.564853841187753,40.6113511342336,millet,Low
60.09376199149073,58.08360259028375,22.118755699779403,30.976460734068393,43.16895869473647,7.53832540138068,68.49839204787368,millet,Low
121.77162558777643,50.161404375431516,42.301763330461775,24.872894190412328,63.94393072583955,5.82041944080245,84.5829812005347,maize,Low
100.16888807008904,39.14506310225157,70.88769855918605,23.992781784020252,88.23942812437646,6.930403885418775,195.77537841052543,rice,High
98.20646071755057,42.57368817079327,42.38782556127336,25.937295218107554,82.70396429985269,5.963371444465668,271.106595831537,rice,High
35.03001022461731,58.555023182679584,59.40767771591138,27.244360096755624,65.10924531069966,6.72679210530684,148.58150311590276,soybean,Medium
83.39816233949855,72.78481977626286,46.04419776470864,22.97038221947089,51.313660488759965,6.419519112128705,129.21178692557103,maize,Low
92.56298157191912,42.79219996376785,45.22120719678472,26.923405306676177,71.73898964406024,6.497305637609086,166.07258311577147,rice,Medium
106.74759424666784,36.48690497473054,56.022802804408066,22.896578577198277,57.992496705048346,6.925480943906309,86.61204212378435,cotton,Low
54.89407264926204,46.45551213498372,47.78138020281577,26.038440831857205,58.78765368375857,6.60613122199996,132.3918462056661,soybean,Low
67.4346213438153,86.78815239822886,52.89707964442826,24.133617558930833,72.28424618697505,6.645614505582883,122.4635332442271,groundnut,Low
105.50459756100666,30.83841636029066,54.60146017825059,30.345827606355755,54.47671813123685,6.45730680490822,79.66241888517558,cotton,Low
137.49338362373805,65.61330924858086,63.45780049848305,26.83761363172906,83.01200061218901,6.65003384888626,191.7626394376871,sugarcane,High
89.708705911684,41.3618426059887,54.5993028233046,27.10186194020402,93.02910206077074,6.060273281552721,211.0613607051259,rice,Medium
119.66751246703936,47.308172349462744,50.31501846812267,19.900983074322177,59.414402603111604,6.035343779739297,131.96686683431415,wheat,Low
87.79862367716582,76.13320689699606,63.413574408555014,29.81873065174227,59.49521957636523,6.535811514961686,91.56079258318607,groundnut,Low
68.83282270215705,46.1564263455603,59.72053786965441,12.073536686348588,71.00879563605848,6.811383032473263,38.372923843591984,wheat,Low
50.824113823896504,65.75825420084576,16.419309736804088,27.441826033728372,58.05511078696176,6.747369237916454,65.92590731007336,millet,Low
51.035211456396,53.15767682762216,60.24121301332597,29.851218301104225,60.37502834642649,5.719951652468696,44.59333749665011,groundnut,Low
127.10790869038881,38.92578491721955,49.7805931177595,28.357099309242102,66.75080606698974,6.337039549887099,198.27072222887682,sugarcane,High
131.59108864580259,63.49349936986021,52.08605475793887,29.35617473712435,71.25500409142839,6.214954240984438,204.5073446631568,sugarcane,Medium
42.30723815039232,56.587708248262416,76.50017917207845,29.003447052230513,56.06241867407644,6.2020508858894905,173.8375422427177,soybean,Low
39.33195819057973,31.91802422289717,50.76140123050607,28.56942599173113,33.67812855306822,6.523760527206676,104.62992670404932,millet,Low
144.24550576416806,58.29362002763878,45.6418194221888,28.245538250455102,82.94014097686303,6.375968359287047,110.71420034516152,sugarcane,Low
97.78770115103595,26.01757600041654,32.47637077748933,29.255543677471163,51.02679158297403,7.062437607539467,103.07612068066905,cotton,Low
137.61417734414871,68.20471470734475,42.900345938215054,25.40643753466165,75.24960982072324,6.602629844467215,192.22772437188328,sugarcane,Medium
17.258879911823914,26.199798144439082,36.25204675925884,28.241359802664878,25.466344104780106,6.546809317918822,84.20131866351187,millet,Medium
48.509957154799444,71.93297304108286,53.474127646519236,32.16228674877093,63.67580047175207,6.567286031306479,71.33591619325222,groundnut,Low
131.9966358678287,23.08941042370584,31.608821184826855,23.1692106436246,61.02551959786039,6.764532378446497,52.9495553739516,cotton,Low
124.24873087046602,51.06839875228047,51.26004877893911,26.39075470329053,81.43303878622478,6.641560984363003,197.12319047425126,sugarcane,High
70.90614817397062,54.739495643879685,57.87515537408816,32.16573644371948,74.75564697657333,6.496797394734598,133.05213585358626,maize,Low
91.78774533933216,60.045853835976615,41.14609153553157,20.657755925300737,62.95255333009768,6.0808016725035445,71.73819449277265,maize,Low
81.56747960132547,42.489337515065664,24.798741693348596,25.075897147442777,86.67796319361604,6.758273524315983,272.41234984478433,rice,High
113.65108695780742,64.73636251529763,40.98236415066598,17.32927749618841,63.855447844199546,6.047425189006726,90.97059062820334,maize,Low
44.60907253661411,59.817591611014336,55.748924665969426,26.559648795303843,69.82556858446948,6.499836325640692,65.33981948654429,soybean,Low
103.47291878056949,24.221456027147056,52.628858750452025,31.989383095615228,41.595356403007244,7.570880203986439,59.837004188585965,cotton,Low
74.54485027426642,17.538007948629282,30.47354639164717,24.38112291738212,35.44253225586758,6.769912635663027,60.87287273759175,millet,Low
94.60469566415156,59.073295402740385,53.40693270483657,24.918244337484612,42.190550409507416,7.4938567447506035,95.639782562664,cotton,Low
83.82859418592048,27.336110096890486,46.11309376140894,27.299179117051402,56.61599208605857,6.493601827532789,67.62588622773248,cotton,Low
147.58173358035341,34.580306929876635,72.74178334530764,29.6063762422289,64.67208159120798,7.3256682809364175,35.503122294795816,cotton,Low
95.98109157652293,40.93102467383669,66.76112212878189,32.17437390086783,53.302045521280554,6.908489060333704,80.81934093889454,cotton,Low
144.76889342343696,64.48806782428873,69.44731551747498,28.583490548017444,74.56858290114046,6.997660908336599,157.56109210465306,sugarcane,Medium
42.118429790554856,28.216555398822535,20.622287210384947,27.682346705534563,64.87012794070006,6.537451764264538,52.24566267016865,millet,Medium
107.01052921318364,74.71814002084882,51.70468604333382,19.88376243819116,77.43953704030771,6.801807480952476,121.95694207703143,maize,Medium
113.91757594837458,34.836463820180064,33.10329180652431,25.48078452714839,82.09347428548881,5.623979646962282,176.14899652419194,rice,Medium
31.356258492046475,45.516023419618385,68.73227516537551,22.095439747836718,79.70749519622663,6.783840408560592,57.689164788282895,soybean,Medium
82.04030226385882,48.48160904303528,34.07610789686059,21.153141516693964,60.744777002223515,6.969147280759412,29.486324421269174,maize,Medium
100.07536162903939,38.08906391925412,45.245006006555016,25.738040279270326,79.296215028346,6.339573514811553,81.15568782492466,maize,Medium
96.98890997192046,58.03890906836971,43.58170513392563,27.85072495515129,62.23436875498339,6.318654138291663,108.25954716818208,soybean,Low
86.57100126989972,33.06780750469785,14.251996094456274,26.122757526187165,75.98687526531117,5.9947145734113665,249.63297381680502,rice,High
96.20152354835551,67.52154975069679,35.714529610757126,28.270965849936054,76.46700805493424,6.74225514352198,254.7842368042264,rice,Medium
82.68455997650523,28.97805431897937,35.32091552128666,16.18048983535278,68.64723356136562,6.522159852334742,78.5227422445252,wheat,Low
56.721433791982925,24.897684560725388,25.452191111301705,26.057087244421773,52.608170689425236,6.8885304548142,69.25095845595499,millet,Low
37.768900867763605,56.884470042361215,50.85477676950818,28.18771601720009,69.71495685815657,6.609408626990007,112.24555436646854,soybean,Low
80.24302120080122,59.3123349661217,27.973395772879304,17.71012898995533,61.67226457642113,7.0432984766739875,66.35634848258047,wheat,Low
130.53057125632958,41.959470263383274,50.74476699987023,30.25066061815039,69.82994981721822,6.42208364867704,239.23095566867065,sugarcane,Medium
38.26071978096287,18.382996930154064,35.684779929223886,28.179180330397493,46.36995238147997,6.696969087113203,54.37079840223409,millet,Low
34.89970314064814,59.10074913931532,55.34618673751822,26.924385009609512,59.38255779109043,6.389039083653398,103.5715930089555,groundnut,Low
85.08357217300312,52.99457827517693,25.803325783187333,14.190004207818372,70.35072104436975,6.953680828802359,106.79861519536243,wheat,Low
27.328081569749184,19.387437415653547,46.518271916864016,22.752584069891984,55.82748050326201,6.568085884799684,15.39739494170773,millet,Low
134.9591989163561,48.21580056998687,61.720871532855654,24.261072450687884,88.58895530275042,6.432900028458967,152.90055271585808,sugarcane,High
43.0647982598248,45.75443601260011,49.14384636193497,24.055602698336667,44.70686231264766,5.8573819790853845,84.48593663977526,groundnut,Low
75.26838039425232,65.71332921683177,41.67732773077436,24.96299269105807,76.0178893336234,5.519358834846845,146.80766588592792,maize,Medium
121.80177555645287,53.828551650711084,74.74286498474397,26.209866187745583,77.54287433225389,6.077956836618538,168.49463154617982,sugarcane,High
81.15952864583683,55.19522516425229,49.284185831580565,26.842975603205097,78.26380288107644,6.002799626136467,211.67510998570899,rice,Medium
22.17850528628539,36.39115785136878,23.433378716808328,25.646316983839377,38.72710772755009,6.404177092328777,82.28164872270878,millet,Medium
49.77382869875141,26.057201804964503,29.26936827711957,30.992825612771377,46.779102513077575,6.741647318773404,21.978511423640285,millet,Low
118.98494512526396,50.24018772808176,44.069719723197046,26.263144727953232,47.829059617398556,6.993703705782707,68.7826079345129,cotton,Low
134.7825610507064,35.09470449896763,69.10815564698626,23.656055056414896,75.16384633365857,6.580140888938519,142.5444537772599,sugarcane,Medium
105.39130661507403,56.429134993154214,48.815349266531925,28.921117711755464,54.59011331574247,6.810691364626677,95.63961484187502,cotton,Medium
48.64343079393439,47.898222872564205,34.32344764850522,24.387780863288558,66.1970050822012,6.918399068255916,97.64900061094592,groundnut,Medium
82.22690030331022,50.07527787421302,26.62157621707628,20.43670428024742,64.82141397958911,6.3364374425023655,116.0309469590915,maize,Medium
97.40884149757639,66.34558884422096,42.16261395916969,22.209315645804086,54.604244316374036,6.313750123610584,96.72929740109609,maize,Low
105.07829314428871,38.74489308156321,42.599499704855425,23.02917908162461,57.43594496045815,7.2549258169458914,61.166237235101015,wheat,Low
114.35607607286893,59.42862458307962,55.404009426198506,29.345935398328532,74.8574442538399,6.593972508108085,248.5889393684559,sugarcane,Medium
60.18812504766575,67.42154870865862,64.43168918638553,24.446098102350472,45.71406974442989,5.8070093938545435,64.91336435501773,groundnut,Low
94.10518532011713,29.580009700551006,35.28330197079259,20.131558238370935,68.46759584564519,6.468686773201239,127.37860967621322,maize,Medium
123.01723152691773,63.46849062443792,34.482824610034285,14.128315734161344,63.85392867708646,5.923498459533887,117.41367795575634,wheat,Low
99.11844764574809,47.2393094778763,39.64279662539366,26.748151051132265,91.46471967858085,6.311608610308136,216.1881787045219,rice,High
110.59118370722697,47.0878246782556,27.683569508009295,13.902527533753684,63.80824552186162,7.518544329170785,102.56961067237985,wheat,Medium
37.77732199752656,49.360019583787505,45.2128987453702,26.03520910916581,64.21950921487998,6.032040731821539,49.724930802870816,groundnut,Low
86.92033420743824,47.65120168473145,37.20015957297471,25.824679026732916,60.35146159951981,6.977107600658838,23.174448272852487,soybean,Low
91.71341472993059,46.80362113754253,40.63665345343373,24.36524273957315,84.39481668611242,6.6413207528066085,218.49461190300607,rice,High
22.931823835812704,27.34998609555501,32.933453395266596,27.174688875826575,48.25233710613356,7.227676533735522,29.778129030949533,millet,Medium
65.51666162785241,42.95461675255823,25.392924491288554,23.046717317947813,68.9326280960997,5.6973863879238404,132.14547806743116,maize,Medium
19.88304951016434,78.33577888367414,69.36115869976527,23.31100000108401,56.11527910363993,6.009960457685224,133.44761904588125,groundnut,Medium
79.46920359183972,41.06805424082678,40.29470216241411,24.410719388698883,85.07960459868013,6.587457996213156,223.8831019739216,rice,Medium
100.19059924434755,31.214471578096127,52.99575001091054,23.972875762515166,82.20491450492814,5.765669948445926,176.51016244548788,rice,High
117.20095426856156,56.59833418395212,65.19596321547546,31.031137939849792,51.43394032162521,6.322914085598915,57.95098089332065,cotton,Low
87.11506386069738,32.83633566518662,59.84172312947672,28.52681064941311,53.78439101222411,7.392931442085866,100.23146570308246,cotton,Low
117.70427465698916,59.03515541423074,63.48045363664682,29.63268967503904,60.54803553311697,6.225310311092462,137.20374024416387,sugarcane,Medium
26.58300663995127,72.73231447638584,46.57082340756372,22.51538288302211,67.52247701416474,6.228283872148958,118.00478513241161,soybean,Medium
33.88980845268925,48.73443776529103,31.432657385036972,23.384420639294564,77.12141114754844,7.328468521013244,106.24475239115412,soybean,Medium
55.89011290255435,50.09178582622073,54.575229763615745,28.39389715074924,53.85989946289217,6.459981475558533,114.67255723493841,soybean,Medium
125.25555195452733,68.90400428009562,66.09705257304944,25.69841268986308,73.45101708300044,6.550307460457868,171.99254796282165,sugarcane,Medium
40.982408511475334,0.0,13.96317091970084,27.561621767148626,36.77545750028712,5.846568718903475,70.0400377813312,millet,Low
46.4626900775462,62.838506323378354,64.20475227387642,21.712020587077806,70.29001669163887,6.31893869487114,93.02955379751695,groundnut,Medium
82.43891412026763,24.71733062448703,27.912502653628717,22.87309901784798,57.561464876536405,5.726507990075908,113.24987692558182,maize,Low
83.86420444353898,48.608035132141595,67.77464751190448,24.816710175982163,67.54183671342318,5.764204253388536,116.44200774121512,maize,Medium
105.21342420705328,51.040372392972756,44.26802738275875,24.04582533138192,75.32515568738037,6.359092103817658,80.07011709635032,wheat,Medium
29.522893626802805,59.02464542383697,60.50320544653157,28.523244615819248,69.82982444183136,6.450223408989432,115.42663859925383,groundnut,High
105.02587043626177,53.79387148619334,45.63121107770232,20.037428326314586,62.583636004081086,7.092748281715318,81.76380534132272,wheat,Low
104.61514980101671,36.853767333853256,29.430950924767238,16.177060963879583,63.901512273688965,6.88304134056025,113.94479036182264,wheat,Medium
103.86876313441054,49.537353029407534,56.89482705753146,30.16067954164594,83.49940568266621,6.475755328050933,217.00995504899475,sugarcane,Medium
104.99770578545457,50.62307585039152,60.54816985468409,31.420751658013614,45.55814612639704,6.894410708609571,90.46761445730921,cotton,Low
38.140428465216964,60.081499981964676,56.36508156770285,23.860806624898483,73.61331721201817,6.638826508880111,115.26240925479235,soybean,Medium
24.33719231703965,70.17514504026339,77.38872827162149,27.46193948915995,66.34192141044618,6.457906196447056,148.5714252071852,groundnut,Medium
34.33015381022174,35.81733713481148,62.12003919557636,21.247017266454808,71.39426731419086,6.241566413568293,93.96708309046822,groundnut,Medium
23.315846988351563,30.485147278001605,20.727919312074512,31.567205962582523,41.20034636382898,6.3950486465253995,43.72056408218977,millet,Low
83.4270581040622,52.6464971241664,54.6155098276667,16.176374217972548,60.68701837480817,7.133333564712123,76.29328012687307,wheat,Low
60.78933195025892,56.921729978984494,38.24521622438539,21.775031298608784,64.98125277480383,7.238320528148773,197.90960856477528,soybean,Medium
150.0,71.0079782305231,69.33282056697425,24.025251107192048,78.5232299522236,6.540647411695028,223.65562777326372,sugarcane,High
38.12070065845843,54.93592923949104,69.49929688782566,29.088700771468254,57.03148776879318,6.100885958253608,77.29337134791699,groundnut,Low
98.12238357425254,60.16258524661897,38.61730920937363,19.461915711134985,73.57543892169437,6.939438047944392,68.0179304397003,wheat,Low
114.42793052238254,44.73857788003093,40.32188445169301,28.342926259177744,55.014428050851315,7.343377840689158,52.766434057197344,cotton,Low
86.32966605949957,51.027373974995704,66.68871114969717,18.035543973767265,64.79384515298194,6.906515177102654,91.9892991720928,soybean,Low
115.58406974911986,51.70453374596654,36.925136015887176,28.5598560177429,50.913601210121556,5.964188976792937,122.79361710859231,maize,Medium
10.673708291227754,48.98860813072402,72.04325302320954,26.93416981308928,63.75677186635521,6.328805516819462,101.03099555425678,groundnut,Medium
45.193519433524585,26.312521935903384,30.20287434708135,28.552059734384976,24.47104491254069,7.594719355538687,51.20293473799188,millet,Low
110.51500082853254,35.650011965415175,61.37014290290681,25.355698884319015,55.72247839365148,7.270270703085548,109.11029351338176,cotton,Medium
98.72981795594944,58.24110089189321,51.57343189610176,28.621418310335706,53.08581482278519,6.307041285201693,116.95303065248712,cotton,Medium
37.178368619017725,76.16084855102227,45.66242805003846,21.516266642558925,73.61887847889818,7.173668162536253,102.1738759626233,soybean,Medium
100.17845336564076,33.87269800842905,50.95898316488045,26.78561386173912,64.06243757739846,7.1578759213136935,119.93493233054058,cotton,Medium
0.0,70.00866542219242,66.21174085204925,27.042169525125665,63.24868087899543,6.866916286953512,58.33652927637571,groundnut,Medium
104.45818675192365,71.52627601909622,38.310098579906,25.444137023366874,81.22107580159944,6.141199199348605,221.75245887916438,rice,Medium
109.55987024534609,69.395600512663,23.28717433399604,20.441942580593224,66.02893960323973,7.355609745185104,84.3585904821937,wheat,Medium
128.94930334408053,63.705025925893196,57.747580729511554,27.13641356520567,82.90795259554402,6.525603186656153,119.18098306141297,sugarcane,Medium
82.83659095699625,54.4017685194253,36.1141187240141,29.147722893398083,67.21979693003502,6.680991262781122,109.8343322072237,maize,Medium
106.31006992466449,45.36044332970973,57.044690415134426,28.371720449563213,59.9196898563742,6.304286294223913,110.08945136333651,cotton,Low
92.47370431956678,57.243748867528865,61.495335210918654,27.255666790984893,68.30844135027453,6.201310230354224,85.49024087687295,maize,Medium
91.6582187985883,48.43927647735656,60.02883430991597,22.180363582573293,70.68439281838228,6.951855859354386,100.73352057004335,wheat,Low
93.08245401948072,59.07877609895768,23.26605917368886,21.88495675445087,69.35376281872277,7.0056250209699105,111.1450718140732,wheat,High
113.6614766525358,43.28693304216615,31.721930429913826,29.711458258239073,62.955316225660674,7.705421717859481,110.51376509828081,cotton,Medium
92.5559151972063,35.711019421951605,61.4361139785686,25.184598682776745,50.62873904429062,7.320309716188846,72.94398520191928,cotton,Low
77.49667207829596,40.653955486154786,56.21287470895767,19.786472692917773,60.280841948296874,6.8289115861537155,86.69576610889071,wheat,Medium
99.6915916397424,53.470204077424704,25.852918104420098,20.23095532662052,63.36098668908226,7.443031322559804,90.78489663831941,wheat,Medium
53.15709980832177,19.20457610945052,22.629714982494086,31.186224759397277,38.21546458491666,6.855093258414352,55.93687267332437,millet,Low
74.99553343167202,64.84728499281965,53.30509814717762,27.938136030286195,51.13460242812203,6.515913791463289,107.06223023151591,groundnut,Low
74.05876567504376,31.852235842442415,44.23310704157031,31.46050854934463,64.30058934550271,6.96659410903086,90.88865797480909,cotton,Low
41.26914863876201,40.019873128543026,40.197844383826876,31.80791947779685,53.75947244513543,6.911071846097632,96.75884059984551,millet,Low
93.18654539347762,19.54269106926347,62.630567728816985,32.992576164351696,51.19149953777706,6.786896268948253,67.73469414933368,cotton,Low
52.27703006394327,78.74381545058205,59.43344657117895,22.984071539939514,72.36951230259648,7.100510753404691,100.03466618207784,soybean,Medium
68.27979149375633,18.614328520559017,50.28017340063999,30.69657208770302,81.60549843356208,6.952462827776237,197.79201893227207,rice,Medium
68.71434357288504,39.67125003925594,53.06867205133659,27.75685098586992,69.29039634130156,6.332795525529888,119.32371303550326,maize,Medium
45.8093997262267,80.9616982444017,43.504466130338855,23.97919096613749,80.5735876989245,6.637012395891837,108.52477609918729,soybean,Medium
40.282494099747,32.78003926822472,20.967369097163186,22.050665429217528,49.98289187969196,6.591172439430942,53.922731410377395,millet,Medium
118.44281720685696,38.347107275344875,59.3624206542329,28.740718190249837,45.99841737809821,7.124589051930453,52.78266473809144,cotton,Low
44.63736579276196,51.791447635451505,55.06102475353881,23.423467165103123,51.34273491337604,6.540815445183249,60.532721705093635,groundnut,Low
80.32538075266253,71.5817610456574,51.63486274319378,20.70288232640442,82.37332161340014,6.032225234546604,74.39513559815975,maize,Low
95.14088019566556,50.48103862984541,51.837207362786444,22.24538172742867,90.66258762443955,6.646918332635251,216.71395286429726,rice,High
87.9986178207284,32.20418681621098,35.1878112407384,26.458119804418217,71.39111585955189,6.08457053068135,71.02652101408123,maize,Low
44.793093885454155,46.31793869125591,46.38537027136181,28.65582452300349,62.19847175716799,6.5280743409690976,56.04498514445977,soybean,Low
61.57739972776818,47.40822098271977,52.06903822509679,28.698755760032448,62.30605575961683,7.6988793166876555,134.4301944370362,soybean,Medium
73.3960174048016,56.771822086449404,64.60555905387335,21.064115363901635,68.73175752749044,6.4431395305592725,131.84714321917596,soybean,Low
114.34442503137019,77.89607967023382,39.79592710619403,15.019231453217891,66.08739653774678,6.3722982024979675,92.11166965974869,wheat,Low
113.98287346390578,47.16133655337265,53.62744176619533,19.400012945898244,77.16804981727503,7.498945279166223,66.27708697937906,wheat,Low
88.45117859776428,25.281734266149993,42.88974714681515,25.330393236095585,90.93918063161249,5.868601190087902,155.96384086093937,rice,High
111.76715411692562,56.51124991302248,70.83818949013867,26.293028295646494,77.3619412968672,6.39919931649818,220.9804069703577,rice,Medium
107.38028081477557,56.32201756993615,47.72367807857111,28.94116954869072,43.12316166464278,7.438374003135326,95.20667915860473,cotton,Medium
108.09225624767501,58.78497141719627,41.29120515914088,28.039714987830887,79.5493625533299,6.312874034814736,108.74136954447837,maize,Medium
94.654241658718,65.3429020152725,57.99599926220242,23.816707475982394,62.00960163183957,6.766848315201319,112.50404723449341,maize,Low
121.6033655931022,34.0515286411012,48.48003167182804,24.773048549275337,57.69266436367228,7.318685085510306,68.55788595802305,cotton,Low
72.18729490140899,41.78570514015509,47.43288240378602,28.915452507624916,64.18472693117945,6.380669624132439,88.54384801783849,cotton,Low
93.13295392507133,21.483958513442694,29.061767413218835,25.9595083257862,75.65373442626459,5.7116625400115915,252.90179648412754,rice,High
132.75181339708348,62.432191545216384,60.17258395493119,29.320165024797227,86.17056548004135,6.523019857817887,159.4639333744496,sugarcane,High
98.14974354777188,48.31378252361107,46.59551925962322,23.50830281654748,60.81209297868848,7.533797750062824,97.34265281340464,cotton,Medium
112.86636024719287,48.23775774493639,18.36266463057779,26.991178069360924,77.01880071484388,5.970465252143538,66.1045042834432,maize,Medium
120.56888139946065,36.70265050089357,56.71248863227136,24.95989557343549,56.744452795894645,6.3443545531313665,86.74453218277529,maize,Medium
29.445453338361553,68.906519549118,61.74510714499141,29.62810753500429,54.66989290911367,7.324817622543813,78.6661637474853,groundnut,Low
66.03314384254905,35.139052770202355,31.5665075091403,27.526210917016034,47.396163355329286,6.610708865242888,38.71908145508855,millet,Low
108.66195053462498,59.323515765794454,38.7252179929525,27.4864618906108,54.47110084838394,7.05667920640419,37.2693400199351,cotton,Low
95.83683615526672,65.49528606819055,45.06136089101045,19.637360140597067,47.62742876191642,6.863235690129273,89.79716995970624,wheat,Low
83.24901792781135,52.47419918816998,32.18855484740887,21.216717023616898,78.40374986227737,6.218792237505897,220.20974798872732,rice,High
92.40731487778834,44.77082603635257,50.307802417973825,26.247847670638354,63.220169135804774,6.295080620276777,55.13375390505389,maize,Low
74.32989324224685,47.85761552688243,24.591521289872894,27.299589643712547,61.58078832610015,6.69676920296048,98.09359764163275,millet,Low
25.827782646374196,61.98030314926454,38.97272000024367,23.049650709566087,62.525755378372196,6.209592900960423,119.31743942962669,groundnut,Medium
100.78624952272543,58.43191998199167,47.89052108640489,21.840031400334183,60.60749754127148,6.214018064768419,62.39481962884715,maize,Low
93.22214773682552,47.714265927555374,33.784515167618785,33.04994372778259,58.142146904408996,6.85044305470592,52.8062831161583,cotton,Low
101.38269941875586,50.46043102718576,56.11416276715623,28.67580916604514,59.85409720165126,6.776115675277372,115.26730801052237,cotton,Low
47.2171883614778,63.44755887298905,47.71809589856321,25.476911490762397,54.1950603474937,6.533650498935295,98.9367546462181,groundnut,Low
105.64337776983275,45.329742053047084,59.78905383982483,30.081470361577306,64.33222668976802,6.818257709341741,102.28359754013117,cotton,Low
110.69068043291998,27.402197503296996,35.532171364744926,24.84495550961653,60.05886658453043,6.047995986436894,51.62399381169101,wheat,Low
117.98661766717134,50.68599505094145,30.704358033568216,23.959925835264528,83.39352218296602,5.914259432789453,231.72289893194724,rice,High
92.25048935710704,49.7624678657515,39.212237148764366,22.87989472499075,63.99841746323203,6.954695984732256,94.90442926966809,maize,Medium
121.995500619844,21.57494640572998,43.178578859573,26.340552035753745,85.97278404712628,5.704873800469261,283.44067264581406,rice,High
57.57829300245199,54.15863027106363,64.71667932706303,27.56259894583845,63.148382280098765,6.0974767977627655,134.05355552985458,soybean,Medium
116.45950281315564,31.212223620732843,3.9084119236749117,21.852287381844352,45.58886343571834,6.60164873119594,30.32675324510818,wheat,Low
110.57018790973943,59.170558440066266,65.73556602458117,21.72098094674234,73.30917077626273,6.077887801237868,131.78696717870193,maize,Medium
39.431607523079656,75.37794479104095,55.57207473546755,27.078457819321574,63.32303698004792,6.304190273235573,30.422195472851918,groundnut,Low
39.12089386326292,57.111569137832284,60.418569894874075,22.90971477053153,61.1730607011694,6.6520431982334935,104.8130252440218,groundnut,Medium
93.64602127407734,33.612591149718206,28.31053784540358,14.834731895469915,66.01014188987254,6.482990621153915,65.38363037881844,wheat,Low
59.27375177312625,54.31340556257137,55.26481241124236,25.119705793060064,56.804601752111864,5.878180440166356,52.16801327105569,groundnut,Low
58.75742432363098,49.601604391477984,44.95713110162028,22.196543955071494,76.00143246085796,6.142632365664285,166.20729181691408,soybean,High
98.33406699005172,46.074968175062985,42.631938956312084,25.83531799815114,83.71332444914594,6.458086234380023,240.84489713517354,rice,High
108.65323675497118,47.79766193411416,30.48961546512473,23.72409460139086,59.344685050294935,6.33381079351373,87.90136624267184,maize,Low
150.0,55.13643890558193,65.11387871575423,25.563032029677768,82.70079388994841,6.732702589884707,204.789317688009,sugarcane,Medium
115.1655122111466,38.35694109950406,51.8277969502233,25.735153854946237,97.47825602592592,6.855646722177627,187.85301728121078,rice,High
36.64090863530089,59.03900402101089,58.357859151331326,26.79888606932187,55.224103751635745,6.703776869529033,69.35532186863733,groundnut,Low
110.99243622732618,34.70921457107846,52.58179181260711,16.72872095393189,61.372687132929165,6.667963923319425,45.108920684249625,wheat,Low
48.75045708041016,44.83276066936446,32.21457955479184,27.992017677277232,64.0455255055758,6.107565094682127,157.24802941367176,soybean,Medium
143.1798227527057,71.18431838374615,83.92948488881328,28.589517044943868,90.03845182627762,6.973502803249185,223.31126071067385,sugarcane,High
84.91597936465801,54.3219702073492,33.5482509066422,20.618473053016903,57.27074621303667,6.679813620511719,88.01528938985743,wheat,Medium
25.15511068733097,49.00033567963743,53.66374717137386,25.842656901052642,64.63977736826888,6.022405993860845,106.74670094762055,groundnut,Medium
53.493981069691095,70.98206580862347,52.229630665624775,30.030639519866156,55.01027172066886,6.406414665205392,82.03957865704241,groundnut,Low
31.508280356104883,12.685337111307678,18.102692587246118,29.24214118017934,63.72578089220542,6.593161414705892,67.04023182181729,millet,Low
97.8425323205325,38.11559995273705,44.707744892868206,24.045745989156654,79.09668499567407,6.369666378560766,207.1861076722272,rice,High
55.125321087469985,69.34222482883717,35.68524567635859,25.467755758153338,64.0722299779083,6.008509295821768,127.83399444659682,soybean,Medium
21.787033765883304,24.234957367158067,34.54948359683085,31.02189545513015,32.85640708042637,6.622036951258546,85.69959429524337,millet,Low
133.8944614404107,57.582526041776575,39.301478121745944,27.811318399300426,51.41697884054433,6.741886580793528,96.45357590006408,cotton,Low
84.4168983589342,58.064983436450234,67.61503567121531,29.66310108657606,85.49258622081169,5.816224305310608,210.94063604600672,rice,High
134.19467255889583,48.750843391729035,49.00193873678457,31.18650234276598,52.41188042572434,7.2643777615357905,80.35718029709973,cotton,Low
80.41866460034274,43.45634041966587,32.672893435114915,21.3442901021467,74.35022223450771,6.786149798298529,117.38645613107393,cotton,Medium
101.14157795963378,46.67993873937026,46.36073270360027,21.738413658927115,71.06122841181994,5.602891210447583,133.7479763590972,maize,Medium
107.96539142341315,51.78652164701229,54.178812597029754,16.3144737019449,68.83488762743538,7.819603883487089,24.37957359064721,wheat,Medium
95.99531927628962,37.18371727449805,38.65659981900292,27.988643806002237,89.04084314491195,5.681267220817661,227.24086234814828,rice,High
73.1618279063338,33.98996614782884,57.21193760212203,28.434189663474776,75.11042026748429,6.815172767365022,252.75110575019443,rice,High
139.75556203218127,49.08612185322427,55.00514389307895,27.034741888029377,54.740151713263245,6.3700616876269045,127.8172033589199,cotton,Low
81.23865960739015,67.01277811084915,53.56192530255056,26.38941543992512,62.1495894581435,6.231634248926092,127.24078981122798,soybean,Medium
83.5229953579123,59.178653249730026,41.35557374124015,25.10951866715656,49.304265194573475,6.639852216667851,63.568807962764375,soybean,Low
104.71319402543388,65.77956236544351,48.87315717544343,29.580944174091258,55.060481443153066,6.9725015793380205,103.57346549743085,cotton,Medium
48.29805213560918,28.644354288611183,32.32705772260721,32.11928686881434,42.26705226583747,7.411129254288164,69.32643298366584,millet,Low
107.0288955477596,55.60750481267151,60.41366551450935,27.42105589671793,40.74307934412137,6.654384735380236,21.42402245870398,cotton,Low
74.06544429410843,50.68310916762218,33.96690918919436,26.298954095262925,78.97914607530281,6.227425189922411,157.9734627573547,rice,High
20.110782239289023,58.56744513711968,61.21697755449617,24.966692228131496,76.2344440413275,6.603753733377121,167.2403255293736,soybean,High
83.61818199477149,51.62406017470749,51.93336850610689,15.982543211980992,66.78616668736208,6.581583280473311,46.44445768411812,wheat,Low
74.9620639374708,58.689638711773966,60.48910108946914,27.57325756432043,61.45115978671937,6.080837878317226,132.76320351947277,maize,High
74.26916083314796,51.0662162771277,43.79923474973775,31.29774855776527,59.35021316745539,6.921673265854923,112.06285252534349,soybean,Low
36.07761217648769,70.75268883127194,36.35754582038702,23.94189761498918,71.6299236294846,6.079534557459922,92.26862837819475,soybean,Medium
126.07082490363469,26.967164739744845,80.81715351748292,26.751398122243003,77.52748268253215,6.286006729915936,225.69539505336832,sugarcane,Medium
91.78193503223055,6.7869787464857865,36.5845251505014,25.00298116366051,65.68014916450689,6.00300528889216,74.84498150848142,maize,Low
125.86716765646644,32.73906599846529,38.81794921089579,25.07298409989327,68.51604778290057,6.328900819295166,127.1963247132989,maize,Medium
62.95290485616083,25.990368683934122,48.2055198121378,31.703572057259024,81.63603511711227,5.594514242954869,191.6637293235815,rice,Medium
56.219930979408,15.254647789139835,28.81352849208621,31.854154950502313,32.44178652224899,6.409918138937741,52.19464938136764,millet,Low
61.76199199463109,46.594298865544644,58.13950316296925,24.365389787529462,61.105541982330564,6.1647387498717725,97.40333974714012,groundnut,Medium
51.290470803709404,65.81652059714703,48.85758661350725,25.022311416429744,66.6340395412562,6.377560242667566,89.35973555465486,soybean,Low
69.59142063288824,65.71408665183156,59.790242120942196,21.920697668092345,60.9384641729329,6.6629672138607905,104.88222005629794,soybean,Medium
83.96155811062837,16.442219636825243,23.776499984827403,30.180135033409137,43.55559767291409,6.0009589800406085,39.40689488615161,millet,Low
71.5878451654499,69.16989959918273,64.48418810430746,27.170577831816207,68.992767157613,6.815354414863854,62.91008638318655,groundnut,Low
123.16321330177131,44.21994825968871,56.823735392153246,29.96570088554128,57.055979564686645,6.725639412363827,46.90876072894552,cotton,Low
101.5515719396216,74.50491248172493,43.32830154357611,21.758527903282452,61.414203069598805,6.012430743033566,72.6937417683526,wheat,Low
78.5358352658641,45.66046268752945,62.22685191796348,26.89598000148338,73.63468967883263,6.132886794994552,155.5612013444101,maize,Medium
52.526033603381265,67.121568572179,30.993252906945806,26.186408320136753,74.69992755265584,5.686680355583949,85.45597335086975,soybean,Low
125.10045919228786,42.92657120073538,21.01086431171632,17.880316848744865,53.76608346990729,7.007743498255155,86.64549473307689,wheat,Medium
64.05695263095835,55.26377863172323,53.3739817147354,26.230454703140783,56.69561134860272,6.480961101952597,100.15672134919276,soybean,Low
99.76887802964325,53.82818366754311,44.184457224799026,29.717414235339206,60.207725430235534,6.437201417734255,77.05047263481555,cotton,Low
136.80859946907003,34.792114453408516,67.94686083778912,25.200642733941574,60.38778236926585,6.12960887262196,73.82704181276364,cotton,Medium
136.89455977112223,65.96328661081641,61.602784986431736,27.761040610632605,82.14420533609183,6.981110556640079,184.99409442705706,sugarcane,High
79.28230424563478,40.54222790875054,48.872571612412585,19.91062553666059,54.60957156758511,6.418085896957706,132.69782355519297,soybean,Low
138.37348160317455,52.928483763898264,71.31831964173352,26.25845880667898,77.56591514909597,6.5381521757582854,181.8207227653867,sugarcane,High
42.96913014190153,23.614372479953804,70.96684794211869,23.877479245589686,60.35218388740284,6.115390925068314,110.9744616425973,soybean,Medium
123.67626532839562,67.54067374277447,61.44948279001332,26.873393554437328,77.52846964251385,6.504300926652728,221.94289992807109,sugarcane,Medium
94.17775973933998,52.42733281627866,50.57017561713546,33.35773574198217,72.85457555550883,6.193090971056007,74.88692727507494,soybean,Low
46.88741973967837,46.79829100474757,66.27043421994456,24.36315753101374,63.85291076550475,5.81283272894448,94.08139065730414,groundnut,Low
78.21015809238075,29.025204557306665,22.96553552276044,26.40062271434685,81.08518098171673,6.582680926717834,248.3243470675436,rice,High
31.9425360641752,42.19432973960012,75.13559004362436,29.489846398382625,59.802116633580795,6.550298752687864,34.2914390012555,groundnut,Low
94.04915221947783,55.79348148872381,58.002997237319946,21.00831513768367,59.52770302390322,6.146204351583393,133.1116004116779,maize,Low
79.34390429437138,45.49295088670292,50.735032524084644,29.131791711439703,54.60100474105238,6.486015721538648,126.26778173745652,soybean,Low
125.73062386548276,30.494092757602008,38.318654725879604,23.894710599646217,61.16853673231955,6.322079697012035,138.7138222412905,maize,Medium
27.6420803406537,55.78183947889321,45.77025664232059,24.449872671710345,58.243787340422884,6.236935768573626,108.00033829590629,groundnut,Low
14.543557850658171,72.50000079700021,33.44468119866957,29.24713613397033,72.92785343934344,6.093408090836572,97.62931586451269,groundnut,Medium
5.599728660020823,28.04452427032991,30.75820402569307,29.006355263052416,43.282443620905305,6.677727567877606,34.876894509852264,millet,Low
88.94751432812029,25.0684687978081,50.15541862959103,27.679371343793118,88.48468435332774,6.383672031691375,253.35688618195616,rice,High
55.11818506642491,59.7496592887625,48.43502207819466,28.009411009916697,66.8543421010074,6.076192566122329,143.3680487910532,soybean,Medium
93.14489122911938,39.10036577241543,54.685471159647726,16.941463532537526,83.10309726852216,6.6955785411757756,292.02044726043414,rice,Medium
83.69719774356214,41.61858469367391,28.866593867588676,24.663492435797686,90.72030686270621,5.9908559891386926,283.1828858292285,rice,Medium
146.04171082186284,54.950288980670145,62.217223802988286,27.342374287491324,71.14234472170071,6.98148035052617,138.52668205708738,sugarcane,Medium
150.0,43.62963110833466,75.03669852292697,27.37218604175187,85.77754025848802,6.054806282159775,187.8233316889538,sugarcane,High
52.8468971972318,59.83365438594874,44.61749135377303,24.703636870611742,79.52739172365227,6.871769787256172,69.03440816001174,groundnut,Low
114.26959366449225,56.32277508398953,37.70953336536184,13.669187213490705,61.13672128431586,6.897236691064279,87.93212440258768,wheat,Low
99.13138375184637,41.178598391304945,37.76890622861475,11.685751482842957,81.33742328427785,6.959258906049015,93.88312497998504,wheat,Low
41.188043930344655,48.58670343909043,56.254506946590595,24.185957449617767,43.30344603432387,5.964864980914553,82.64692049059576,groundnut,Low
53.89658099036609,17.9746907443947,22.198874936296136,31.952889335591138,33.87656795368152,7.304543199007003,64.10826540915502,millet,Low
35.92404463917044,23.260815883477573,15.608610936430413,29.87199947933915,47.62827803131159,5.905505198761112,14.557166888587858,millet,Medium
111.69023505857999,49.53176576746947,34.985085450809315,18.851253070984505,57.09701327279401,7.299847562118666,68.8287258468659,wheat,Low
118.04583828271365,19.946234022455812,39.939657439990306,28.206718399362916,53.93916737407603,6.37501307862058,109.42501591975844,cotton,Low
56.64496088703126,32.65344008261383,41.613605834696074,27.1618316460368,46.7193240426452,7.016963572187492,70.38211130760199,soybean,Low
34.13667599241417,62.43931465268955,63.36619144951423,23.42276805090423,60.2199010668865,6.378779203229958,108.76174654837737,groundnut,Low
47.30781343310248,21.705450746506592,27.738997837095283,29.096346366296963,53.70085588159163,7.660618708544806,75.24127747725196,millet,Low
69.56897940082933,36.3215567895805,42.97651362420356,28.493394077536635,63.7344849614224,6.664368397552709,125.55538500807965,soybean,Medium
79.40710822778404,54.21775880422642,16.26129700750228,15.04258857399652,62.726759216569626,7.157858875029548,119.86907154692344,wheat,Medium
76.48609593830949,38.60504044723467,45.03193717833915,20.296682957230676,65.80757576231665,6.739776406122504,142.7757624403526,soybean,Low
123.68304647798374,60.375168793275364,65.48669774339213,27.747306811242296,76.42454604410626,5.933088954913536,224.8484189343272,sugarcane,High
21.845542171894728,41.6091530298487,40.90097086903394,33.557058717592945,45.08934407605062,6.539206157787147,68.4917019209429,millet,Low
106.96962881872858,43.3386892648598,45.14603618739486,26.2991654297172,64.68884046180115,5.691066272687302,113.82391730847903,maize,Medium
52.126470556965025,61.85930452968539,64.74221127697895,26.528484584966584,75.73805426288145,6.178674856637153,90.13285764003129,soybean,Medium
102.88895378096957,78.7053156232879,14.807724826971693,19.694527075800366,78.08638244908651,6.827747921063228,84.47393841157374,wheat,High
49.839566569173456,57.512251962251376,43.407399392600595,25.013587873154673,70.57909982969548,6.48511285653449,88.22997191350939,soybean,Low
42.14930007823038,50.91863559574959,72.70544957250753,24.95907964068465,52.98115411876085,7.364656076715428,132.1501737442611,groundnut,Low
95.64614289146274,34.17538134770987,34.564043024703665,28.01144185172364,75.56885660175907,6.5271558632100115,157.84964935935744,rice,High
46.01707391896344,82.25984828976789,67.23914326513305,28.095275403153117,63.68158144984033,6.145520623519149,90.17462290639847,groundnut,Medium
147.77510475374524,67.73810988611012,72.1009916393159,30.725738242800354,78.74798036044534,6.394501944849735,218.48123199884787,sugarcane,Medium
46.725383495142104,42.10515008559762,43.238087265523674,27.83259471207031,60.9692185580394,6.805463080981966,43.756857389318654,millet,Low
43.76795004668931,41.841139409793875,24.702290336245085,30.534666585566015,47.92345474259767,6.269998762438849,57.57025789119178,millet,Low
42.04466943345501,49.1731415674228,51.861193321281576,20.774707662850094,69.12010629120628,5.890697819277257,114.26584181528608,groundnut,Medium
105.33746685611503,41.79638861256335,41.71524897399887,19.858203882301048,64.51075646794013,6.272146618679956,92.27138543467018,maize,Low
69.30139796380301,45.239680762613304,70.21335607293003,30.238232554882586,54.21852160042014,6.571759215672178,113.8975671323384,soybean,Low
39.67723902972277,18.493030919928145,21.198897998193132,26.327504959607655,29.41297194614279,6.429930480268195,45.22569468915228,millet,Low
108.78856301746974,41.15875836862854,23.01679369690975,22.844336372129554,62.42377476406353,6.237273996200985,123.13580272737696,wheat,Medium
41.666325269572496,47.46089958453298,68.95483087052968,27.419135818514004,60.810617414883744,5.432489813172232,107.42326587406895,groundnut,Medium
5.2921075658968775,60.24708212681615,58.621503167834476,30.377482982566075,58.341145850447965,6.302993420189591,93.2361660636861,groundnut,Low
91.56301655927814,44.24888246520573,35.952424933599886,27.78426302499586,87.12049335268185,6.3124765695877505,250.35714359147062,rice,High
126.76648084871576,58.21800339786368,63.27973499502197,26.678190123446804,70.86969197555958,6.808121090193242,186.7829549818482,sugarcane,Medium
54.6316163849792,14.551456882375856,20.639482102200574,32.33618204009947,58.370832672745024,6.69159934201113,80.54383120080828,millet,Low
97.69617830583172,57.69304046058701,64.19538397234062,28.687580051763153,79.8965269326536,6.454580752417577,156.5309893504161,sugarcane,High
66.756179398942,48.644701605165295,41.030909048114765,27.366592647556374,73.87021328245787,5.648563916469228,147.23402960044405,soybean,Medium
72.94265673153124,34.84676269161723,35.689502122002196,20.40082420472936,73.59135748064631,6.613343484209612,87.70596268619401,maize,Medium
40.64688146429574,63.62318022142445,47.21108399720033,27.670153929900255,64.90307257410547,7.1431400605162665,74.61715294815731,groundnut,Low
81.53628602013917,47.21461563836444,63.50531943081451,21.423031056289716,89.5755046205631,7.223279714267301,197.92567416430214,rice,High
108.5727781538402,35.33824111874223,47.40798294112264,31.772839337729952,50.7323804337928,6.716745204063312,54.334362927895526,cotton,Low
102.20402947580031,43.73442115976009,76.92232444216604,17.77238564794493,51.522659382188905,6.7854677567830635,94.77291310359277,wheat,Low
40.067537601191404,42.41758956631483,16.9863525170546,30.091521302877837,47.768275287286414,7.10452714454389,71.08508952053042,millet,Low
35.359176091759295,35.64685751280357,26.488863001108676,29.660969875072755,41.90332604420049,6.91850881103671,90.78713045201387,millet,Low
93.00853795846415,58.783648193144586,32.81013817225924,21.154604552283473,88.98843612674303,5.875899025194248,190.61633692807803,rice,High
82.68352365998398,54.55670576239002,17.102126846271474,28.031112550570995,67.72696633077025,6.539554886342073,62.83172660826264,soybean,Medium
100.4021836787099,40.29584832097044,57.71923660855946,19.539971240386265,88.58291627052218,5.854889694382752,200.84650175966382,rice,Medium
123.02904828744504,50.41769048599799,35.373607103577854,21.55153503291587,56.35956315927558,6.08103699089325,109.05882700515293,maize,Low
85.71525428891805,41.87605833849763,30.72808665675011,18.555526610489743,68.40355891347338,7.311546325325357,95.55724639502135,wheat,Medium
101.78700237976248,50.10549074141958,33.396286282449445,24.64308104225277,67.45672404022626,6.504165862457719,156.64388706057107,rice,Medium
91.69905615806647,27.7406642601916,56.03074721490244,26.89625872509706,77.4892536994289,6.659378283678702,202.94569615177826,rice,Medium
95.2418718185071,51.71967566000004,38.809136242411924,23.054200998251233,70.14440342071802,6.279552522793849,121.45523170384175,maize,Low
84.08535161731265,44.496117188907455,50.87362153234771,26.575338828657447,73.33530083341982,7.235501800364846,75.5537812408487,soybean,Medium
125.3523264795389,64.42151902552065,70.12741680622717,25.663283672018224,69.63282937280714,6.959903762674755,178.59869773676152,sugarcane,Medium
49.99813797973946,68.08522601203512,43.86742849258758,28.022744925274296,72.13077972639358,6.516365360636933,107.96225743292824,groundnut,Medium
29.77972590347185,52.09128371382551,62.19494353376504,26.15274108660642,61.36320795249608,6.250975087771635,42.85338455339477,groundnut,Low
61.67275430889712,66.95493416536617,73.70353620484103,32.16442945591594,69.19211756841919,6.480157913950541,94.24212727144378,groundnut,Low
61.818655977305696,48.34399750494318,27.771889962681485,25.67997207894698,63.97497268464175,6.738332745804219,141.29127580509146,soybean,Medium
83.47914921238404,40.23455013757818,49.36693870399081,23.517209412801286,56.44696889185946,6.649180554120904,67.71138965482739,cotton,Low
48.212897956534306,68.70708210578786,72.27944849714356,24.014194460247715,63.19203807395082,6.766682589035608,132.68872223304402,groundnut,Medium
33.497322681947,66.71593884389242,48.29420449915846,23.149473613790615,62.156829552505954,6.198113815265939,146.56422020838295,groundnut,Medium
108.92135916486622,28.754226346687062,38.06263849541228,20.544007357262572,68.87266376279865,5.829342022439978,111.57910277706628,maize,Medium
128.29627197653818,37.631423998442926,83.25713879271768,26.751086740571157,83.20294133460112,6.527381569450272,185.57876192216779,sugarcane,Medium
81.15468459885969,48.59745595139135,71.40702327928982,22.87843396211962,65.59745311563391,7.140158919555718,79.96587326344552,soybean,Low
100.88951173476453,55.44302628211062,26.01332199904227,24.448793872556365,68.78261739766339,6.637535803856695,113.0801732566774,maize,Medium
93.62943407349051,22.040637064106427,24.300986009843605,24.591576842195146,85.25536026151579,6.013708098571898,201.4632922875015,rice,High
57.36129870816396,33.63784594051528,22.376863385296694,29.736584516168506,49.468465226252576,5.995507850024133,71.81376089688382,millet,Low
112.79218211063449,68.48388775783863,38.36187305583276,27.502529468959338,62.2082821562577,5.20434391754501,80.66979198934047,maize,Medium
46.76984237115117,46.35968257295022,69.82580523403684,23.591834851325252,75.54061743064506,6.461411382900141,78.71561922296641,groundnut,Medium
150.0,53.19605951483548,62.400405447747936,28.03232604585294,84.39254834158548,6.340217972997951,152.8819237652565,sugarcane,High
66.39037517689468,78.6481406975979,65.2275803051796,25.192307694850676,63.82184137989644,7.184310311077755,101.31550192436451,soybean,Medium
150.0,62.94767370841963,51.71577760648453,26.169817326549342,82.23089195362905,6.5169523023287805,188.2361008969623,sugarcane,High
56.51829371091563,49.90191049306162,62.59834214406298,30.070185472136362,63.618319940567346,7.023071708728898,101.21452198129619,groundnut,Low
92.65167174398995,55.374863842275765,64.59736864732496,27.606665983958553,50.3797258878463,6.760990022992457,97.43095115975783,cotton,Low
52.021863106465965,51.55952413835616,58.042007145565556,28.064976184593814,65.47723652005668,6.802446070470072,105.10816160819076,soybean,Medium
43.57849189213114,86.0035112069636,44.22469617231724,25.86286773606252,56.491803955160144,7.031922782960621,97.04872184522628,groundnut,Low
49.11770981239925,27.80492041904891,15.075922629733896,26.918910522606787,52.03411124133248,6.088887140204023,42.97770426331227,millet,Medium
83.61543951644983,38.25510996428281,41.73107980075575,23.228099998146632,76.65689850394513,5.9593351302662425,96.12897654610649,maize,High
90.09990128736435,51.49702519596721,63.18533770022697,18.098024807322016,67.83004176579006,6.399767075074016,108.80612589905921,maize,Low
112.09732037777316,42.86198710807665,60.62692498034054,27.332275218325442,41.54424972811671,6.324156747680469,91.95094537980708,cotton,Medium
79.3563021787624,29.897941071895985,42.39579539490755,28.927450158034127,87.51072666365448,6.22197364439994,170.17130494214462,rice,High
81.23035843083896,70.7740355812076,37.375081437255155,27.121292677934516,52.35960983745374,6.385523517576425,88.93181682905613,maize,Low
147.56678597106355,56.290300005169584,44.65516974216892,24.67457912134448,77.03013723312833,6.927169681174055,163.74593765065313,sugarcane,Medium
129.66537191631355,59.12265492447923,82.50270466180066,27.866368134543084,68.37762314982064,6.5057872641121826,129.46248771277206,sugarcane,Medium
97.69433408947886,66.14177144542897,49.31686770152146,22.076657219326066,90.59464472802438,6.308042586747639,60.43094505092468,maize,Medium
130.60461548995372,65.73916073878672,67.09308637590266,28.371780912875842,76.42659858370287,6.49013765445427,164.7501208665342,sugarcane,High
50.8416516089916,62.26334810370014,52.820068873770346,22.0424148416966,44.548381687230226,7.357204917906715,61.77591837167087,groundnut,Low
104.20830835870788,52.182650701771664,51.29580704870275,31.12017367238017,46.849040343466115,6.523993627150499,74.30572552190914,cotton,Low
143.73480706387517,69.2369870862113,48.133531828372995,26.319319034234194,76.64566421032718,6.26203364083789,195.9476418531008,sugarcane,High
150.0,54.442041026481306,65.40065605422176,28.813668292745852,69.28899152898938,6.463677370282834,156.7354683197145,sugarcane,Medium
146.41843681920693,69.83787414621013,82.44166431385567,27.632547560519427,86.19728871123473,6.742696582768703,189.83249739317392,sugarcane,High
35.757778066610584,25.287904157686988,17.61808139125878,31.377185118247205,52.956144928227815,6.549582356522484,46.053406830050825,millet,Low
115.51043613082695,45.25396633928404,52.03994011785238,27.770110335875668,61.754605837967354,6.06499509314974,189.19246957550916,sugarcane,Medium
85.9274961794491,13.639149031949831,32.17750808331047,27.540256260935788,44.19525515697434,5.9329095196563895,46.60895347248379,millet,Low
150.0,45.84272375865429,72.0591635288146,25.27895226403752,77.56513368243579,6.3344786444503125,174.52236594267765,sugarcane,High
62.42096510903956,43.68958477604012,47.939919312307765,20.411409240646293,55.72182195153757,5.745479285960217,77.87611137805962,groundnut,Low
119.66085065271419,46.78004619848329,53.41048222812507,25.877898295955465,76.49499796913261,6.429450536524671,237.58742332947608,sugarcane,High
74.43887974268704,61.151194135273585,40.96266103763226,22.771763286708765,56.73576923972045,6.631188156188893,131.4120565898408,soybean,Low
64.59768309704691,44.26666959775383,55.84052636390598,23.627707487474815,54.59493036201242,6.414754498362885,118.93006745938384,soybean,Low
31.31306744489686,54.50619636491777,64.50564878974563,24.201051465647204,63.44591947185481,6.760310052716224,98.7456978170022,groundnut,Medium
94.13245072084649,43.12920180979676,43.06145482136295,26.118721525683114,54.67265971843945,7.302564416010622,76.33798323179596,cotton,Low
115.85382991267984,71.44815697315791,42.04397662584182,26.695078705040956,76.9982137598865,6.573284961600427,84.62233609064474,maize,Low
147.1134396572541,38.633584796447906,64.79735901140221,24.82965264332851,85.61284593790174,6.473855482299372,82.59638486798728,sugarcane,Medium
14.76899074453322,75.79319342220577,43.539012542370074,30.947573970003386,66.8872808363317,5.863611185607488,77.30768074549772,groundnut,Low
74.61532341603177,51.0756009971378,51.182288408062874,24.763516564855358,55.673893160182224,6.46952941009794,74.08173602229857,groundnut,Low
99.72781835391656,38.86877115082119,54.948271629031375,29.61042240767471,45.00348070460796,6.156134783780081,115.84084022044695,cotton,Medium
112.28788824346425,21.38155094838248,76.57195931067916,26.024851846178663,50.24397043240794,6.669108509715772,91.95351438889521,cotton,Low
88.56221141280102,62.435634704869756,32.85358077779369,17.940379093895064,64.14188187351246,6.369328349011594,120.50707241044293,wheat,Medium
33.832399066700255,59.6790443859249,47.10521813710311,29.074321401995032,67.2714999751088,5.977099415191959,65.07349181591843,groundnut,Medium
56.237180081584576,37.516749453751245,60.41665585073332,26.649253664935255,66.30092498865814,7.059449844223765,118.10148840335589,soybean,Medium
56.25322784991805,51.33964255181469,44.54892076155988,30.5195859089368,54.19265531204977,5.998118055717282,143.7577698332803,groundnut,Low
46.42955098730427,39.372107455285814,22.3857441187927,31.664471965230327,52.008366213375425,7.097510729634586,29.02833932757215,millet,Low
107.23909989428513,36.56188289848935,44.58013811403646,24.27308652128668,82.73205888787217,6.16157604011014,322.4033815307518,rice,High
83.47803450939922,75.91372684072769,70.95030764327763,27.57487383489453,62.022608249913006,6.891187970993224,99.76898280581324,cotton,Medium
109.86644764225561,49.165612565092765,25.756079340331063,17.357796906816414,68.03524318084088,6.906246797269013,107.26181715303782,wheat,Medium
82.1057972918232,39.31317427290783,19.681941112492304,22.898388197364756,70.30051124133863,6.156803826234666,65.07848102782523,maize,Medium
127.07815568075146,51.33629015777722,63.59039719306675,27.81697067629294,72.83227138568459,6.04244436900134,167.52505078162224,sugarcane,Medium
25.602245466755576,57.30096552533578,52.58694477279558,29.120080159588063,63.153012083473186,6.771228802664276,86.96728321526048,groundnut,Medium
100.38252605904725,36.81922003733705,39.16814768014616,30.494496600794985,61.38472838929249,7.6646424268253295,44.395809995310024,cotton,Medium
92.91576452366004,40.76200448627174,49.06180612154029,29.562158154694252,97.53738185211168,6.330318526632867,243.18532692854302,rice,High
112.7015616282474,24.473270955782056,38.81086839710477,20.854649311722127,56.8307003395176,6.692943563640482,101.83679747588072,wheat,Low
97.92615388133903,56.44974445527714,38.05848325348403,27.35004382520257,69.8567571034283,6.163140539549104,114.96649584304639,maize,Medium
114.67633168042053,56.26571055120723,26.75596205763557,13.599644428152969,60.98878282491491,7.006251235377582,114.38281146194947,wheat,Low
34.73859405978892,62.07073941863965,50.37457507603478,25.309648779297753,59.30239180119498,6.929709318968048,0.0,soybean,Medium
106.30143418610639,48.821585356649095,50.07657849155978,30.76307751919298,51.16224882587091,7.77429224668903,69.18406209166179,cotton,Low
130.60784413475514,64.13408846861967,58.55228359044198,27.166690701950184,75.99971966635401,6.524108697788909,168.397521409517,sugarcane,High
124.91527279723135,50.82725679932143,44.00153083506978,29.598349627967874,48.555786539915836,7.516910651064521,74.62215499573776,cotton,Low
113.45835439269521,49.78215264560663,66.39990036737217,26.824892907093123,76.60153684769507,6.474976779576032,165.39571221371622,sugarcane,High
48.25835399239348,50.791830168742024,41.50413174000407,23.480607777953896,55.91115830136972,7.236839428647164,0.0,groundnut,Low
27.324808127897317,16.84785542554736,20.36349118722906,35.29138163711908,47.42090820757003,7.108301785178856,43.33733732639307,millet,Low
74.81996768877138,46.62603149042531,51.06404577176818,19.555257685345897,57.28424180033795,6.169506518223456,104.05571022962158,maize,Low
21.349566089801645,47.35837159112068,50.90522534771895,23.571299593731283,75.21530518930001,7.167712520057784,76.9491427539561,groundnut,Medium
59.55068030810205,58.980087539623334,50.50699525312202,27.749883066168525,67.27609586017316,7.170408583503972,101.99180938581122,soybean,Medium
132.54904882120815,32.91580835739292,17.777887221104095,16.55749863146406,70.56934397727431,6.76476350238837,77.05768567826964,wheat,Medium
85.52896166650163,50.630316418583796,35.92859151969695,23.447902802402993,48.09742353950135,6.6877477209632215,93.34655788851593,maize,Low
59.35637986925293,50.0974454934514,50.69926620366372,21.6058799551473,69.0636493184491,6.717162148734881,102.75166482927665,groundnut,Low
82.75884716726951,33.56005670089545,46.472043791937544,25.45131067668548,90.2492585148891,5.880323197339899,194.1614328350186,rice,High
34.165497180696114,23.056187350554538,20.877692139109215,24.734992855822902,29.23422974523544,6.948173205535246,64.52631905796957,millet,Low
51.63843643534211,40.45624410877221,17.147765249622143,26.343042806740204,47.01270334399076,6.2854205387573,81.02243495515997,millet,Medium
72.55814230093021,63.68559299733305,43.82699886012167,26.24776797717277,56.27397027342203,6.858184089469933,87.46919579542933,soybean,Medium
64.2710272174906,83.92060200698896,64.01875870482606,30.35102077627719,51.022795508108686,6.092493268575723,71.82512935707358,groundnut,Low
92.35289960213676,50.4132921404701,10.140071759044126,12.390774900913739,61.89183379853593,6.979687488514013,94.76059724812644,wheat,Low
71.63648077924087,42.001579801784786,46.17058292362516,23.87679865600328,63.702011680332035,6.1469610855425945,86.49535614962377,soybean,Medium
110.18396935088917,48.3560541266905,33.76724353808648,15.105883722747855,78.02774843817858,7.43623282904714,82.89038375983726,wheat,Medium
29.434595136686777,62.45828760261229,43.95300128996227,28.160672050716222,64.16781498793418,6.571070708403973,74.81692386322712,groundnut,Medium
74.03198044832612,67.93925872943883,40.49590758724742,18.218041572988025,61.70805484350256,6.784971742008207,87.76914614446378,wheat,Low
130.00809043943318,58.635547689984776,58.745383337177685,23.025379540547142,72.77045717358943,6.615248053390244,126.77474646280581,sugarcane,Low
116.3187106803647,50.162079345629984,56.41216656144541,25.720593604036672,49.31987645686758,6.474785490858513,83.24995564503988,cotton,Low
117.62354050081713,55.55753527785028,60.9346287237681,27.035664509059515,78.22540115224352,6.202995885829059,137.90649722798028,sugarcane,High
45.49523815402289,27.994366990045968,31.75482334826833,24.773288286723783,36.62252515801417,6.951818318088931,43.931810804151255,millet,Low
114.29580115933085,37.736862050230144,61.267486138818214,31.619607170362908,57.15242154412566,6.734620518611282,57.495994303158426,cotton,Low
113.24588673846455,42.426700646330815,68.25482499470878,28.373654990905678,75.61003792271023,6.697954883631369,92.76636219459265,sugarcane,Medium
97.5137578143657,33.269337062417385,46.19198766515071,25.28315585940077,76.55461802775041,6.502156490330303,196.92914677726668,rice,High
31.43113179430389,41.193944449106375,21.652254598557644,30.731616957583853,50.7638888660343,7.21256730227879,70.72580125130938,millet,Low
131.5126555478049,19.12689706921266,40.397327175201156,22.725373370033694,52.99105732286047,6.931831818622625,55.69594455141687,cotton,Low
105.68729678089186,64.76266610780945,32.83630855934712,21.748514702118477,54.337780820162806,6.490972500497503,81.2640168195761,wheat,Low
94.86176198713352,52.04556525195885,28.447209216584653,19.360526137663403,57.141647725962564,6.978749000321079,91.47460553973994,wheat,Low
50.07891649673794,32.323863799577914,30.668877279916416,29.39107160797133,45.67910593221334,6.9218378634440585,67.55236812840187,millet,Low
103.01311793562012,41.27909714141577,57.491450085573476,21.3139368790224,76.50282954426574,5.955697279319272,170.134832361649,maize,Medium
30.50927380548123,60.320511785228504,70.67153192845458,26.081740047658904,76.17554764986257,6.695695910164942,134.5245494231096,soybean,Low
88.35104802773145,46.537098594150784,43.62528687032977,28.176116254761276,68.8890350023721,5.756730031408963,139.54591201702075,maize,Medium
113.28077399212232,37.99822311161928,49.85603186446731,20.473128464514772,48.849868719691834,7.132689345988203,68.52420817052749,cotton,Low
77.64587904155793,53.87005592347886,28.6307280741797,27.412143292886743,71.19575498081748,5.849094482978341,109.31418262542255,maize,Medium
105.80212781033804,63.091765102231605,64.14724534840919,21.245300183018486,54.502246452548746,7.331573327814164,105.55174975765122,wheat,Medium
70.42901250378355,68.52737348118484,41.39283312986783,29.160341971855633,59.53805724156612,6.670627164713471,118.89751511452408,soybean,Low
114.21788026865413,61.99073488427215,31.63665036884255,27.453518248426228,57.249693460672525,7.13400853291512,73.17483129943538,cotton,Low
109.99087276516566,54.359525449926906,68.19339416426052,28.875198176134926,56.712887858289065,6.922068255148586,92.2282639162322,cotton,Low
87.83498704556733,36.63144259805608,43.10393377426466,16.509203924646066,63.53944820496367,6.785996955997505,65.25105518619965,wheat,Low
111.79531667830072,53.39663794710385,40.92826575434209,22.95552780954806,67.40058755105241,6.622818566642675,88.94141902642902,maize,Medium
59.43387305687099,59.631480835103595,42.91931991766331,21.488455209613274,73.254095235997,5.856285165325026,125.32036649498116,soybean,Low
101.61254247411188,34.47631884910764,62.362996327634804,26.10862463744357,68.09665926394194,7.194107723989996,60.496402965305705,cotton,Low
28.352407660951393,17.954546214436363,18.672712280010757,32.29824680537881,60.052970314862165,5.96045535595124,96.66228296796899,millet,Medium
103.24664665720738,44.06595363584638,42.834241036912495,26.969237819348088,80.48587898724227,5.574723676521337,208.32754924337823,rice,High
89.9089363269016,55.0618892934197,45.98195230257078,22.68990018147838,69.0826564422851,7.197199806973116,235.54314418123857,rice,Medium
145.5387431414805,65.25325301368667,66.55678742000725,26.70831113405562,72.20762273920246,6.916087967081984,180.83812338572415,sugarcane,Medium
64.60805918846808,55.53047409856543,59.985322606653526,29.69531021672273,69.00266565856501,6.102469884457092,86.76195956344066,soybean,Medium
90.19422410844808,28.64721283391335,33.7203860501992,23.494845232581444,65.3919000334652,6.238437909210125,111.71098583186127,maize,Medium
130.23862987599446,57.165952672936974,67.32527783771391,29.349628115171384,66.72611433147704,6.4875019929855995,168.5271730442888,sugarcane,Medium
110.49534960789549,56.16329493266795,59.28827328885263,29.46753505191338,45.56178600500393,7.058122901059733,79.26620744710763,cotton,Low
113.9375433627775,30.590033699682007,44.35093881050262,25.740388655227086,54.091262706384285,7.405542375638555,66.41448925558707,cotton,Low
116.59628548032984,74.0427958843971,30.474770134845535,27.957362361301875,78.93654443074111,6.026831109160363,204.0642751857373,sugarcane,High
51.980761152287634,30.518780275738685,19.171023351070495,29.594235851094798,48.83483407054801,7.089341372862895,49.08689211274831,millet,Low
56.52183037408151,43.47987373374606,60.15254010667289,27.71994515742785,67.24233033572726,6.355039026524768,118.77452563826887,soybean,Low
92.98589543360205,37.79739747409447,45.83762501988023,29.48949125646488,82.06139836611752,6.384841389705309,180.73965395808196,rice,High
77.56901269615575,68.98540101564281,40.20641411432577,22.343216243662173,59.22285080296949,7.04698480166454,168.75733800456058,maize,Medium
117.7299672288738,56.47622408232107,53.39359238159158,24.763536121287938,82.9315288944954,6.499326139472863,238.82679996858664,sugarcane,High
145.9120010770892,65.79473652085969,47.78095318298726,27.826744058260793,78.32767069746042,6.594280226540355,203.00623832918387,sugarcane,Medium
33.734649129142134,37.43588030115777,35.45607289131097,28.144713452514985,41.21999285532077,6.397562800495408,61.593881347654246,millet,Low
121.85467080421316,46.63670247834284,59.10488787590308,26.83497296217721,67.7687543533439,6.60098042826865,150.78095313086644,sugarcane,Medium
20.561864413799196,34.12800127566043,38.37700157901202,28.157392262607026,56.991667701340255,6.736180194954192,78.65677784724474,millet,Low
83.0203431482992,43.72861974835037,76.73212016420442,29.302878904995712,93.75008472532356,6.3986796892946085,170.81801622190332,rice,Medium
29.934896065506152,25.093245900126053,32.51911262895597,32.55495334280095,59.53848655780486,7.130092605390923,87.93195692446355,millet,Low
64.45750720837361,66.26314963810134,60.45254351774261,22.701758631559212,60.12691128913949,5.863827896592281,67.96237957400695,soybean,Low
96.05879878470245,30.84927237711064,31.131656103721205,19.52106081640607,64.54083707940771,6.51683562373037,55.1137873811232,wheat,Low
72.82783580089242,60.36719869901283,42.86215627455108,19.480023251759103,62.87149075390398,6.2657913752417045,35.426152631414496,soybean,Low
150.0,66.39866881899151,48.93811612415743,28.92122646500697,82.74898461583774,6.4560104677869194,173.9866337669064,sugarcane,High
62.41429036113842,28.257256249932965,29.01064849021016,32.721150303816266,36.74401686907809,6.914675356830635,53.4716474770381,millet,Low
67.1605884094629,42.13316406704389,45.28871571920155,25.40850022192931,58.383917622759625,6.228518313775118,47.57730402407518,millet,Low
88.78059649142206,38.05791248120915,51.596198235483115,21.701637508167988,58.97549956153845,5.79056578056136,109.29684338141904,maize,Medium
144.50376101613202,46.32312274105426,63.71466776120582,25.78607310825473,86.01067600682458,6.472350256753557,132.46100548571297,sugarcane,Medium
107.31978668588025,49.03469297792542,42.62067076980748,24.419872694370053,40.33463638641018,6.381580522870429,105.44892631073398,cotton,Low
46.96753247821319,59.000013592507834,75.22893030368753,26.33948003417835,66.35712962858928,6.1860582708853205,87.29165291888528,groundnut,Medium
85.61832315719838,33.76989572671133,20.99693932254904,15.584484744771371,73.61478515726144,6.322324239563084,35.75806455685745,wheat,Low
112.70174614863197,52.56974021465733,32.70975810804954,23.849533038191584,70.80078029756164,6.151300996646687,216.69277256629204,rice,High
38.592315756649505,69.63273086925237,46.98661126854052,26.494870626227073,69.05677504667752,6.459998035963096,85.79650884877083,groundnut,Low
107.59160585747304,33.33656676878756,55.13555151863162,25.49920515110078,49.56089168211051,6.97675581800866,60.100740653737546,cotton,Low
30.927302231681367,34.28595102841525,19.248635956934653,33.9038165352836,43.42551101521899,6.3653219518748525,34.65326068066858,millet,Low
144.5891987895161,23.20789400981475,59.55716439970533,26.932195248739088,68.18302084626939,6.9505250058348,81.70805324849543,cotton,Medium
97.53497191171913,52.5451202368901,28.079695605016592,18.771596911067782,63.074678603758294,6.669755579140598,90.19700461736821,wheat,Low
80.02338720684922,69.47908028633665,68.89644502100285,28.95992891153559,72.98469878311276,6.494523997340089,107.1957323754789,maize,Medium
70.1274660148244,19.287610311885707,65.87291398255744,20.409607213770006,51.117514371257826,6.486610075869238,71.72387000294228,soybean,Low
88.84347435878844,49.09382369779973,48.320289591960226,25.26383565199139,77.47758301385507,5.8736758860138245,184.41942281497907,rice,High
101.09795486502541,48.197084134420884,54.30048996528478,14.570942063778814,71.56126549404388,6.829149639206206,88.38278487418704,wheat,Low
114.07525376750046,59.08954890605503,51.44761713072145,22.42512553532468,50.93844697288232,6.912648789564099,26.829162805018363,cotton,Low
49.22950376741589,47.80333784882343,48.2189282340896,24.576952844530922,68.81012013805244,6.652768668001204,111.00949875606594,soybean,Low
109.17967656853799,43.369167846573774,22.523930028832552,17.794872853706902,68.71516223145291,6.3030911572702735,86.72232121677531,maize,High
98.74059767034866,36.405407065609694,50.02620309004443,27.026140976806175,56.90185382324789,6.909592007606237,82.5769555382712,cotton,Low
78.05190085350596,61.409631307191816,37.672238923388335,22.365594780782068,79.56464214611972,6.881059737476976,137.79560553039335,soybean,Medium
143.48090161020465,47.70628023964411,58.37278512118941,28.89099460931879,77.52362171168704,6.408081371874044,189.97621597347765,sugarcane,High
70.06308291752897,31.829996791311004,38.279867656311744,23.125857499440176,66.22741904308312,5.80337213989955,64.00476213912997,soybean,Low
92.62193461375315,38.98377126033242,46.10852149967909,21.68091087119189,61.03417782685007,6.479394181678576,121.73775336169368,maize,Low
30.084671776859317,69.59095749020695,61.78886205344742,32.331027956289134,55.00151036371289,6.540969165753726,126.00275300172935,groundnut,Low
87.41059050088771,55.60391924984007,52.827874540961034,31.051783074373606,79.24669442278636,6.184596612199718,263.1472333372518,rice,Medium
35.18331399673039,37.55371796537372,29.298932273761665,32.32729839643016,44.161823906547724,7.371373801658383,49.73023272451893,millet,Low
136.32040381460064,42.816491509002205,67.47883075966581,26.525375531609562,84.16775401354678,6.508496079103329,166.27832760665098,sugarcane,High
83.65550443986417,40.58285710246756,35.55390281691965,23.427919049199332,63.25563283686101,6.5391644445627755,68.80915178452288,wheat,Low
125.92724968984598,56.968349626743844,52.62006500530593,30.91146537884014,44.9338829650617,7.829043690105107,95.9138301718316,cotton,Medium
69.72268203417043,51.74076495151258,49.518108258624125,14.400907414904076,46.47084909624898,6.468721490813906,111.45035488255364,wheat,Low
11.740744346196479,21.22998120362795,38.52509440909739,30.26604307823208,43.26627990890858,5.918035367549673,97.34462574361618,millet,Low
31.79742317207826,48.14570311641311,70.25014745290657,27.075002213590764,42.970807003851846,6.727419486576,43.71032914273533,groundnut,Low
109.0349352893125,34.53793859255483,62.18753460793365,30.91423707301708,44.63793103466303,7.131563927227654,50.31117083062399,cotton,Low
105.47710556345979,22.186731181678883,65.33937136951384,28.65006729249302,57.365324411855994,6.169736801734157,90.0824901041706,cotton,Low
137.49732453960715,31.106318212544004,55.66523768502752,26.73244125495752,72.837369191599,7.271825716773342,204.30142334022545,sugarcane,Medium
97.70442320755167,40.22158221308787,27.284849471978646,24.560970629173994,67.64581344124281,6.22439428092701,78.13122249900513,maize,Medium
